Бренд;ID КАТ;Артикул;Название;Категория;Подкатегория;Цена;Старая цена;Тег;Фото;Описание
MALECULA;cat_1786698823066_bj1j_sub_Краска-корректор;;Blue Крем-краска Корректор MALECULA Синий, 100 мл;Окрашивание;Краска-корректор;24.30 BYN;;;https://i.ibb.co/p7YgvT8/images.jpg;
MALECULA;cat_1786698823066_bj1j_sub_Краска-корректор;;Booster13 Крем-краска Корректор MALECULA Усилитель, 100 мл;Окрашивание;Краска-корректор;24.30 BYN;;;https://i.ibb.co/p7YgvT8/images.jpg;
MALECULA;cat_1786698823066_bj1j_sub_Краска-корректор;;Clear Крем-краска Корректор MALECULA Прозрачный, 100 мл;Окрашивание;Краска-корректор;24.30 BYN;;;https://i.ibb.co/p7YgvT8/images.jpg;
MALECULA;cat_1786698823066_bj1j_sub_Краска-корректор;;Orange Крем-краска Корректор MALECULA Оранжевый, 100 мл;Окрашивание;Краска-корректор;24.30 BYN;;;https://i.ibb.co/p7YgvT8/images.jpg;
MALECULA;cat_1786698823066_bj1j_sub_Краска-корректор;;Violet Крем-краска Корректор MALECULA Фиолетовый, 100 мл;Окрашивание;Краска-корректор;24.30 BYN;;;https://i.ibb.co/p7YgvT8/images.jpg;
MALECULA;cat_1786698823066_bj1j_sub_Краска-корректор;;Yellow Крем-краска Корректор MALECULA Желтый, 100 мл;Окрашивание;Краска-корректор;24.30 BYN;;;https://i.ibb.co/p7YgvT8/images.jpg;
MALECULA;cat_1786698823066_bj1j_sub_Крем-краска;;1.0 Крем-краска MALECULA Интенсивный Черный, 100 мл;Окрашивание;Крем-краска;24.30 BYN;;;https://i.ibb.co/p7YgvT8/images.jpg;
MALECULA;cat_1786698823066_bj1j_sub_Крем-краска;;10 Крем-краска MALECULA Натуральный Платиновый Блонд, 100 мл;Окрашивание;Крем-краска;24.30 BYN;;;https://i.ibb.co/p7YgvT8/images.jpg;
MALECULA;cat_1786698823066_bj1j_sub_Крем-краска;;10.0 Крем-краска MALECULA Интенсивный Натуральный Платиновый Блонд, 100 мл;Окрашивание;Крем-краска;24.30 BYN;;;https://i.ibb.co/p7YgvT8/images.jpg;
MALECULA;cat_1786698823066_bj1j_sub_Крем-краска;;10.016 Крем-краска MALECULA Платиновый блонд розовый перламутр, 100 мл;Окрашивание;Крем-краска;24.30 BYN;;;https://i.ibb.co/p7YgvT8/images.jpg;
MALECULA;cat_1786698823066_bj1j_sub_Крем-краска;;10.02 Крем-краска MALECULA Платиновый Фиолетовый Блонд, 100 мл;Окрашивание;Крем-краска;24.30 BYN;;;https://i.ibb.co/p7YgvT8/images.jpg;
MALECULA;cat_1786698823066_bj1j_sub_Крем-краска;;10.036 Крем-краска MALECULA Платиновый блонд розовое золото, 100 мл;Окрашивание;Крем-краска;24.30 BYN;;;https://i.ibb.co/p7YgvT8/images.jpg;
MALECULA;cat_1786698823066_bj1j_sub_Крем-краска;;10.1 Крем-краска MALECULA Пепельный Платиновый Блонд, 100 мл;Окрашивание;Крем-краска;24.30 BYN;;;https://i.ibb.co/p7YgvT8/images.jpg;
MALECULA;cat_1786698823066_bj1j_sub_Крем-краска;;10.102 Крем-краска MALECULA Платиновый Блонд Металлик Фиолетовый, 100 мл;Окрашивание;Крем-краска;24.30 BYN;;;https://i.ibb.co/p7YgvT8/images.jpg;
MALECULA;cat_1786698823066_bj1j_sub_Крем-краска;;10.13 Крем-краска MALECULA Платиновый блонд жемчужно-бежевый, 100 мл;Окрашивание;Крем-краска;24.30 BYN;;;https://i.ibb.co/p7YgvT8/images.jpg;
MALECULA;cat_1786698823066_bj1j_sub_Крем-краска;;10.21 Крем-краска MALECULA Платиновый пепельно-перламутровый блонд, 100 мл;Окрашивание;Крем-краска;24.30 BYN;;;https://i.ibb.co/p7YgvT8/images.jpg;
MALECULA;cat_1786698823066_bj1j_sub_Крем-краска;;10.3 Крем-краска MALECULA Платиново-золотой блондин, 100 мл;Окрашивание;Крем-краска;24.30 BYN;;;https://i.ibb.co/p7YgvT8/images.jpg;
MALECULA;cat_1786698823066_bj1j_sub_Крем-краска;;10.32 Крем-краска MALECULA Платиновый Бежевый Блонд, 100 мл;Окрашивание;Крем-краска;24.30 BYN;;;https://i.ibb.co/p7YgvT8/images.jpg;
MALECULA;cat_1786698823066_bj1j_sub_Крем-краска;;10.8 Крем-краска MALECULA Платиновый светло-розовый блонд, 100 мл;Окрашивание;Крем-краска;24.30 BYN;;;https://i.ibb.co/p7YgvT8/images.jpg;
MALECULA;cat_1786698823066_bj1j_sub_Крем-краска;;12.016 Крем-краска MALECULA Специальный блонд розовый перламутр, 100 мл;Окрашивание;Крем-краска;24.30 BYN;;;https://i.ibb.co/p7YgvT8/images.jpg;
MALECULA;cat_1786698823066_bj1j_sub_Крем-краска;;12.02 Крем-краска MALECULA Специальный фиолетовый блонд, 100 мл;Окрашивание;Крем-краска;24.30 BYN;;;https://i.ibb.co/p7YgvT8/images.jpg;
MALECULA;cat_1786698823066_bj1j_sub_Крем-краска;;12.11 Крем-краска MALECULA Специальный блонд интенсивный пепельный, 100 мл;Окрашивание;Крем-краска;24.30 BYN;;;https://i.ibb.co/p7YgvT8/images.jpg;
MALECULA;cat_1786698823066_bj1j_sub_Крем-краска;;12.12 Крем-краска MALECULA Специальный блонд металлик фиолетовый, 100 мл;Окрашивание;Крем-краска;24.30 BYN;;;https://i.ibb.co/p7YgvT8/images.jpg;
MALECULA;cat_1786698823066_bj1j_sub_Крем-краска;;12.21 Крем-краска MALECULA Специальный блонд интенсивный пепельно-перламутровый, 100 мл;Окрашивание;Крем-краска;24.30 BYN;;;https://i.ibb.co/p7YgvT8/images.jpg;
MALECULA;cat_1786698823066_bj1j_sub_Крем-краска;;3.0 Крем-краска MALECULA Интенсивный Темно-Коричневый, 100 мл;Окрашивание;Крем-краска;24.30 BYN;;;https://i.ibb.co/p7YgvT8/images.jpg;
MALECULA;cat_1786698823066_bj1j_sub_Крем-краска;;4 Крем-краска MALECULA Натуральный Коричневый, 100 мл;Окрашивание;Крем-краска;24.30 BYN;;;https://i.ibb.co/p7YgvT8/images.jpg;
MALECULA;cat_1786698823066_bj1j_sub_Крем-краска;;4.0 Крем-краска MALECULA Интенсивный Натуральный Коричневый, 100 мл;Окрашивание;Крем-краска;24.30 BYN;;;https://i.ibb.co/p7YgvT8/images.jpg;
MALECULA;cat_1786698823066_bj1j_sub_Крем-краска;;4.1 Крем-краска MALECULA Пепельный Коричневый, 100 мл;Окрашивание;Крем-краска;24.30 BYN;;;https://i.ibb.co/p7YgvT8/images.jpg;
MALECULA;cat_1786698823066_bj1j_sub_Крем-краска;;4.21 Крем-краска MALECULA Пепельно-Перламутровый Коричневый, 100 мл;Окрашивание;Крем-краска;24.30 BYN;;;https://i.ibb.co/p7YgvT8/images.jpg;
MALECULA;cat_1786698823066_bj1j_sub_Крем-краска;;4.71 Крем-краска MALECULA Табачный коричневый, 100 мл;Окрашивание;Крем-краска;24.30 BYN;;;https://i.ibb.co/p7YgvT8/images.jpg;
MALECULA;cat_1786698823066_bj1j_sub_Крем-краска;;5 Крем-краска MALECULA Светло-Коричневый, 100 мл;Окрашивание;Крем-краска;24.30 BYN;;;https://i.ibb.co/p7YgvT8/images.jpg;
MALECULA;cat_1786698823066_bj1j_sub_Крем-краска;;5.0 Крем-краска MALECULA Интенсивный Натуральный Светло-Коричневый, 100 мл;Окрашивание;Крем-краска;24.30 BYN;;;https://i.ibb.co/p7YgvT8/images.jpg;
MALECULA;cat_1786698823066_bj1j_sub_Крем-краска;;5.1 Крем-краска MALECULA Пепельный Светло-Коричневый, 100 мл;Окрашивание;Крем-краска;24.30 BYN;;;https://i.ibb.co/p7YgvT8/images.jpg;
MALECULA;cat_1786698823066_bj1j_sub_Крем-краска;;5.11 Крем-краска MALECULA Интенсивно-пепельный натуральный светло-коричневый, 100 мл;Окрашивание;Крем-краска;24.30 BYN;;;https://i.ibb.co/p7YgvT8/images.jpg;
MALECULA;cat_1786698823066_bj1j_sub_Крем-краска;;5.21 Крем-краска MALECULA Пепельно-Перламутровый Светло-Коричневый, 100 мл;Окрашивание;Крем-краска;24.30 BYN;;;https://i.ibb.co/p7YgvT8/images.jpg;
MALECULA;cat_1786698823066_bj1j_sub_Крем-краска;;5.32 Крем-краска MALECULA Светлый-Бежевый Коричневый, 100 мл;Окрашивание;Крем-краска;24.30 BYN;;;https://i.ibb.co/p7YgvT8/images.jpg;
MALECULA;cat_1786698823066_bj1j_sub_Крем-краска;;5.6 Крем-краска MALECULA Светлый красно-коричневый, 100 мл;Окрашивание;Крем-краска;24.30 BYN;;;https://i.ibb.co/p7YgvT8/images.jpg;
MALECULA;cat_1786698823066_bj1j_sub_Крем-краска;;5.75 Крем-краска MALECULA Светлый коричневый какао, 100 мл;Окрашивание;Крем-краска;24.30 BYN;;;https://i.ibb.co/p7YgvT8/images.jpg;
MALECULA;cat_1786698823066_bj1j_sub_Крем-краска;;5.77 Крем-краска MALECULA Светло-Коричневый, 100 мл;Окрашивание;Крем-краска;24.30 BYN;;;https://i.ibb.co/p7YgvT8/images.jpg;
MALECULA;cat_1786698823066_bj1j_sub_Крем-краска;;5.8 Крем-краска MALECULA Холодный светло-коричневый, 100 мл;Окрашивание;Крем-краска;24.30 BYN;;;https://i.ibb.co/p7YgvT8/images.jpg;
MALECULA;cat_1786698823066_bj1j_sub_Крем-краска;;6.0 Крем-краска MALECULA Интенсивный Натуральный Темный Блонд, 100 мл;Окрашивание;Крем-краска;24.30 BYN;;;https://i.ibb.co/p7YgvT8/images.jpg;
MALECULA;cat_1786698823066_bj1j_sub_Крем-краска;;6.1 Крем-краска MALECULA Пепельный Темный Блонд, 100 мл;Окрашивание;Крем-краска;24.30 BYN;;;https://i.ibb.co/p7YgvT8/images.jpg;
MALECULA;cat_1786698823066_bj1j_sub_Крем-краска;;6.102 Крем-краска MALECULA Темный Блонд Металлик Фиолетовый, 100 мл;Окрашивание;Крем-краска;24.30 BYN;;;https://i.ibb.co/p7YgvT8/images.jpg;
MALECULA;cat_1786698823066_bj1j_sub_Крем-краска;;6.21 Крем-краска MALECULA Пепельно-Перламутровый Темный Блонд, 100 мл;Окрашивание;Крем-краска;24.30 BYN;;;https://i.ibb.co/p7YgvT8/images.jpg;
MALECULA;cat_1786698823066_bj1j_sub_Крем-краска;;6.3 Крем-краска MALECULA Темный золотой блондин, 100 мл;Окрашивание;Крем-краска;24.30 BYN;;;https://i.ibb.co/p7YgvT8/images.jpg;
MALECULA;cat_1786698823066_bj1j_sub_Крем-краска;;6.666 Крем-краска MALECULA Экстра-интенсивный красный темный блонд, 100 мл;Окрашивание;Крем-краска;24.30 BYN;;;https://i.ibb.co/p7YgvT8/images.jpg;
MALECULA;cat_1786698823066_bj1j_sub_Крем-краска;;6.75 Крем-краска MALECULA Темный какао блонд, 100 мл;Окрашивание;Крем-краска;24.30 BYN;;;https://i.ibb.co/p7YgvT8/images.jpg;
MALECULA;cat_1786698823066_bj1j_sub_Крем-краска;;6.77 Крем-краска MALECULA Темно-коричневый блондин, 100 мл;Окрашивание;Крем-краска;24.30 BYN;;;https://i.ibb.co/p7YgvT8/images.jpg;
MALECULA;cat_1786698823066_bj1j_sub_Крем-краска;;6.8 Крем-краска MALECULA Холодный темно-коричневый блонд, 100 мл;Окрашивание;Крем-краска;24.30 BYN;;;https://i.ibb.co/p7YgvT8/images.jpg;
MALECULA;cat_1786698823066_bj1j_sub_Крем-краска;;7.0 Крем-краска MALECULA Интенсивный Натуральный Блонд, 100 мл;Окрашивание;Крем-краска;24.30 BYN;;;https://i.ibb.co/p7YgvT8/images.jpg;
MALECULA;cat_1786698823066_bj1j_sub_Крем-краска;;7.1 Крем-краска MALECULA Пепельный Блонд, 100 мл;Окрашивание;Крем-краска;24.30 BYN;;;https://i.ibb.co/p7YgvT8/images.jpg;
MALECULA;cat_1786698823066_bj1j_sub_Крем-краска;;7.102 Крем-краска MALECULA Блонд Металлик Фиолетовый, 100 мл;Окрашивание;Крем-краска;24.30 BYN;;;https://i.ibb.co/p7YgvT8/images.jpg;
MALECULA;cat_1786698823066_bj1j_sub_Крем-краска;;7.21 Крем-краска MALECULA Пепельно-Перламутровый Блонд, 100 мл;Окрашивание;Крем-краска;24.30 BYN;;;https://i.ibb.co/p7YgvT8/images.jpg;
MALECULA;cat_1786698823066_bj1j_sub_Крем-краска;;7.3 Крем-краска MALECULA Золотой блондин, 100 мл;Окрашивание;Крем-краска;24.30 BYN;;;https://i.ibb.co/p7YgvT8/images.jpg;
MALECULA;cat_1786698823066_bj1j_sub_Крем-краска;;7.32 Крем-краска MALECULA Бежевый Блонд, 100 мл;Окрашивание;Крем-краска;24.30 BYN;;;https://i.ibb.co/p7YgvT8/images.jpg;
MALECULA;cat_1786698823066_bj1j_sub_Крем-краска;;7.34 Крем-краска MALECULA Золотисто-медный блонд, 100 мл;Окрашивание;Крем-краска;24.30 BYN;;;https://i.ibb.co/p7YgvT8/images.jpg;
MALECULA;cat_1786698823066_bj1j_sub_Крем-краска;;7.44 Крем-краска MALECULA Интенсивный медный блонд, 100 мл;Окрашивание;Крем-краска;24.30 BYN;;;https://i.ibb.co/p7YgvT8/images.jpg;
MALECULA;cat_1786698823066_bj1j_sub_Крем-краска;;7.666 Крем-краска MALECULA Экстра-интенсивный красный блонд, 100 мл;Окрашивание;Крем-краска;24.30 BYN;;;https://i.ibb.co/p7YgvT8/images.jpg;
MALECULA;cat_1786698823066_bj1j_sub_Крем-краска;;7.75 Крем-краска MALECULA Какао блонд, 100 мл;Окрашивание;Крем-краска;24.30 BYN;;;https://i.ibb.co/p7YgvT8/images.jpg;
MALECULA;cat_1786698823066_bj1j_sub_Крем-краска;;7.8 Крем-краска MALECULA Холодный коричневый блонд, 100 мл;Окрашивание;Крем-краска;24.30 BYN;;;https://i.ibb.co/p7YgvT8/images.jpg;
MALECULA;cat_1786698823066_bj1j_sub_Крем-краска;;8 Крем-краска MALECULA Светлый блонд, 100 мл;Окрашивание;Крем-краска;24.30 BYN;;;https://i.ibb.co/p7YgvT8/images.jpg;
MALECULA;cat_1786698823066_bj1j_sub_Крем-краска;;8.0 Крем-краска MALECULA Интенсивный Натуральный Светлый Блонд, 100 мл;Окрашивание;Крем-краска;24.30 BYN;;;https://i.ibb.co/p7YgvT8/images.jpg;
MALECULA;cat_1786698823066_bj1j_sub_Крем-краска;;8.102 Крем-краска MALECULA Светлый Блонд Метталик Фиолетовый, 100 мл;Окрашивание;Крем-краска;24.30 BYN;;;https://i.ibb.co/p7YgvT8/images.jpg;
MALECULA;cat_1786698823066_bj1j_sub_Крем-краска;;8.11 Крем-краска MALECULA Интенсивно-пепельный натуральный светлый блонд, 100 мл;Окрашивание;Крем-краска;24.30 BYN;;;https://i.ibb.co/p7YgvT8/images.jpg;
MALECULA;cat_1786698823066_bj1j_sub_Крем-краска;;8.21 Крем-краска MALECULA Пепельно-перламутровый светлый блонд, 100 мл;Окрашивание;Крем-краска;24.30 BYN;;;https://i.ibb.co/p7YgvT8/images.jpg;
MALECULA;cat_1786698823066_bj1j_sub_Крем-краска;;8.34 Крем-краска MALECULA Светлый золотисто-медный блонд, 100 мл;Окрашивание;Крем-краска;24.30 BYN;;;https://i.ibb.co/p7YgvT8/images.jpg;
MALECULA;cat_1786698823066_bj1j_sub_Крем-краска;;8.4 Крем-краска MALECULA Светлый медный блонд, 100 мл;Окрашивание;Крем-краска;24.30 BYN;;;https://i.ibb.co/p7YgvT8/images.jpg;
MALECULA;cat_1786698823066_bj1j_sub_Крем-краска;;8.8 Крем-краска MALECULA Холодный светло-коричневый блонд, 100 мл;Окрашивание;Крем-краска;24.30 BYN;;;https://i.ibb.co/p7YgvT8/images.jpg;
MALECULA;cat_1786698823066_bj1j_sub_Крем-краска;;9 Крем-краска MALECULA Натуральный Очень Светлый блонд, 100 мл;Окрашивание;Крем-краска;24.30 BYN;;;https://i.ibb.co/p7YgvT8/images.jpg;
MALECULA;cat_1786698823066_bj1j_sub_Крем-краска;;9.0 Крем-краска MALECULA Интенсивный Натуральный Очень Светлый Блонд, 100 мл;Окрашивание;Крем-краска;24.30 BYN;;;https://i.ibb.co/p7YgvT8/images.jpg;
MALECULA;cat_1786698823066_bj1j_sub_Крем-краска;;9.016 Крем-краска MALECULA Очень светлый блонд розовый перламутр, 100 мл;Окрашивание;Крем-краска;24.30 BYN;;;https://i.ibb.co/p7YgvT8/images.jpg;
MALECULA;cat_1786698823066_bj1j_sub_Крем-краска;;9.036 Крем-краска MALECULA Очень светлый блонд розовое золото, 100 мл;Окрашивание;Крем-краска;24.30 BYN;;;https://i.ibb.co/p7YgvT8/images.jpg;
MALECULA;cat_1786698823066_bj1j_sub_Крем-краска;;9.1 Крем-краска MALECULA Пепельный Очень Светлый Блонд, 100 мл;Окрашивание;Крем-краска;24.30 BYN;;;https://i.ibb.co/p7YgvT8/images.jpg;
MALECULA;cat_1786698823066_bj1j_sub_Крем-краска;;9.102 Крем-краска MALECULA Очень Светлый Блонд Метталик Фиолетовый, 100 мл;Окрашивание;Крем-краска;24.30 BYN;;;https://i.ibb.co/p7YgvT8/images.jpg;
MALECULA;cat_1786698823066_bj1j_sub_Крем-краска;;9.13 Крем-краска MALECULA Очень светлый блонд жемчужно-бежевый, 100 мл;Окрашивание;Крем-краска;24.30 BYN;;;https://i.ibb.co/p7YgvT8/images.jpg;
MALECULA;cat_1786698823066_bj1j_sub_Крем-краска;;9.206 Крем-краска MALECULA Очень светлый блонд жемчужно-фиолетовый, 100 мл;Окрашивание;Крем-краска;24.30 BYN;;;https://i.ibb.co/p7YgvT8/images.jpg;
MALECULA;cat_1786698823066_bj1j_sub_Крем-краска;;9.21 Крем-краска MALECULA Пепельно-перламутровый очень светлый блонд, 100 мл;Окрашивание;Крем-краска;24.30 BYN;;;https://i.ibb.co/p7YgvT8/images.jpg;
MALECULA;cat_1786698823066_bj1j_sub_Крем-краска;;9.32 Крем-краска MALECULA Очень Светлый Бежевый Блонд, 100 мл;Окрашивание;Крем-краска;24.30 BYN;;;https://i.ibb.co/p7YgvT8/images.jpg;
MALECULA;cat_1786698823066_bj1j_sub_Крем-краска;;9.34 Крем-краска MALECULA Очень светлый золотисто-медный блонд, 100 мл;Окрашивание;Крем-краска;24.30 BYN;;;https://i.ibb.co/p7YgvT8/images.jpg;
MALECULA;cat_1786698823066_bj1j_sub_Крем-краска;;9.4 Крем-краска MALECULA Очень светлый медный блонд, 100 мл;Окрашивание;Крем-краска;24.30 BYN;;;https://i.ibb.co/p7YgvT8/images.jpg;
MALECULA;cat_1786698823066_bj1j_sub_Крем-краска;;9.41 Крем-краска MALECULA Очень светлый блонд холодный медный, 100 мл;Окрашивание;Крем-краска;24.30 BYN;;;https://i.ibb.co/p7YgvT8/images.jpg;
MALECULA;cat_1786698823066_bj1j_sub_Крем-краска;;9.42 Крем-краска MALECULA Очень светлый блонд медно-фиолетовый, 100 мл;Окрашивание;Крем-краска;24.30 BYN;;;https://i.ibb.co/p7YgvT8/images.jpg;
MALECULA;cat_1786698823066_bj1j_sub_Крем-краска;;9.46 Крем-краска MALECULA Очень светлый блонд медно-розовый, 100 мл;Окрашивание;Крем-краска;24.30 BYN;;;https://i.ibb.co/p7YgvT8/images.jpg;
MALECULA;cat_1788100861364_eid2_sub_Оксигенты_1л.;;Эмульсия 1,5% 1000 мл. окисляющая Malecula Oxi Emulsion Colour Wave;Оксигенты;Оксигенты 1л.;33.80 BYN;;;https://i.ibb.co/p7YgvT8/images.jpg;
MALECULA;cat_1788100861364_eid2_sub_Оксигенты_1л.;;Эмульсия 12% 1000 мл. окисляющая Malecula Oxi Emulsion Colour Wave;Оксигенты;Оксигенты 1л.;33.80 BYN;;;https://i.ibb.co/p7YgvT8/images.jpg;
MALECULA;cat_1788100861364_eid2_sub_Оксигенты_1л.;;Эмульсия 3% 1000 мл. окисляющая Malecula Oxi Emulsion Colour Wave;Оксигенты;Оксигенты 1л.;33.80 BYN;;;https://i.ibb.co/p7YgvT8/images.jpg;
MALECULA;cat_1788100861364_eid2_sub_Оксигенты_1л.;;Эмульсия 6% 1000 мл. окисляющая Malecula Oxi Emulsion Colour Wave;Оксигенты;Оксигенты 1л.;33.80 BYN;;;https://i.ibb.co/p7YgvT8/images.jpg;
MALECULA;cat_1788100861364_eid2_sub_Оксигенты_1л.;;Эмульсия 9% 1000 мл. окисляющая Malecula Oxi Emulsion Colour Wave;Оксигенты;Оксигенты 1л.;33.80 BYN;;;https://i.ibb.co/p7YgvT8/images.jpg;
MALECULA;cat_1786698823066_bj1j_sub_Пудра;;Осветляющая пудра обесцвечивает волосы на 9 тонов. В составе есть ухаживающие компоненты, поэтому снижается риск повреждения волос. Пудру можно использовать на тонких волосах. Не пылится и не набухает.;Окрашивание;Пудра;63.30 BYN;;;https://i.ibb.co/p7YgvT8/images.jpg;
MALECULA;cat_1786698823066_bj1j_sub_Пудра;;Осветляющая пудра Малекула Colour Wave Про Блонд - формула идеального блонда. Гарантирует потрясающий результат: защита волоса в процессе работы и осветление от 7 до 9 уровней.;Окрашивание;Пудра;110.10 BYN;;;https://i.ibb.co/p7YgvT8/images.jpg;
MALECULA;cat_1788100861364_p7ru_sub_Технические_бальзамы;;Бальзам 41929 профес. для салонного применения Malecula Professional Balm Nourishin, 1000мл;Технические продукты;Технические бальзамы;46.10 BYN;;;https://i.ibb.co/p7YgvT8/images.jpg;
MALECULA;cat_1788100861364_p7ru_sub_Технические_бальзамы;;Маска 39195 профессиональная стабилизатор цвета Colour Wave Малекула, 1000 мл;Технические продукты;Технические бальзамы;34.10 BYN;;;https://i.ibb.co/p7YgvT8/images.jpg;
MALECULA;cat_1788100861364_p7ru_sub_Технические_шампуни;;Шампунь 250 технический глубокой очистки Малекула Colour Wave, 1000 мл;Технические продукты;Технические шампуни;32.60 BYN;;;https://i.ibb.co/p7YgvT8/images.jpg;
MALECULA;cat_1788100861364_p7ru_sub_Технические_шампуни;;Шампунь 39194 профессиональный стабилизатор цвета Colour Wave Малекула, 1000 мл;Технические продукты;Технические шампуни;32.60 BYN;;;https://i.ibb.co/p7YgvT8/images.jpg;
MALECULA;cat_1788100861364_p7ru_sub_Технические_шампуни;;Шампунь 41928 профес. для салонного примен. Malecula Professional Shampoo Nourishin, 1000мл;Технические продукты;Технические шампуни;50.70 BYN;;;https://i.ibb.co/p7YgvT8/images.jpg;
MALECULA;cat_1786698823066_6ri8_sub_Биксипластия;;Набор 5031 для кератинового выпрямления Liquid Crystal Bixyplastia White (шампунь+состав), 2*1000мл;Реконструкция;Биксипластия;336.80 BYN;;;https://i.ibb.co/p7YgvT8/images.jpg;
MALECULA;cat_1786698823066_6ri8_sub_Ботокс;;Ботокс-концентрат 42842 Malecula Lovely BTX, 500мл;Реконструкция;Ботокс;216.00 BYN;;;https://i.ibb.co/p7YgvT8/images.jpg;
MALECULA;cat_1786698823066_6ri8_sub_Ботокс;;Маска 300 реконстр. Malecula Botox Make Up 45 Crx Reconstructive Mask, шаг 2, 1000мл;Реконструкция;Ботокс;246.00 BYN;;;https://i.ibb.co/p7YgvT8/images.jpg;
MALECULA;cat_1786698823066_6ri8_sub_Ботокс;;Маска 608 реконстр. Malecula Botox Make Up 45 Crx Reconstructive Mask, шаг 2, 500мл;Реконструкция;Ботокс;168.00 BYN;;;https://i.ibb.co/p7YgvT8/images.jpg;
MALECULA;cat_1786698823066_6ri8_sub_Ботокс;;Набор 750 для ботокс-восстановления волос Malecula Botox Make Up 45 White (шампунь+маска), 2*500мл;Реконструкция;Ботокс;179.90 BYN;;;https://i.ibb.co/p7YgvT8/images.jpg;
MALECULA;cat_1786698823066_6ri8_sub_Интенсивное_выпрямление;;Маска 604 завершающая Malecula Express Ionic Post Straightening Mask step3, 500мл;Реконструкция;Интенсивное выпрямление;68.10 BYN;;;https://i.ibb.co/p7YgvT8/images.jpg;
MALECULA;cat_1786698823066_6ri8_sub_Интенсивное_выпрямление;;Спрей 35766 шелковый кератиновый Malecula Express Ionic Silk Keratin Spray, 300 мл;Реконструкция;Интенсивное выпрямление;52.40 BYN;;;https://i.ibb.co/p7YgvT8/images.jpg;
MALECULA;cat_1786698823066_6ri8_sub_Нанопластика;;Нанопластика 195 для волос Малекула Неопластия Амино, 300 мл;Реконструкция;Нанопластика;107.40 BYN;;;https://i.ibb.co/p7YgvT8/images.jpg;
MALECULA;cat_1786698823066_6ri8_sub_Холодное_восстановление;;База 36473 1S+ восстанавл. аминокислотная Malecula Cortex Restoration System Amino Basic, 500мл;Реконструкция;Холодное восстановление;60.90 BYN;;;https://i.ibb.co/p7YgvT8/images.jpg;
MALECULA;cat_1786698823066_6ri8_sub_Холодное_восстановление;;Маска 36474 2S+ обогащающая Malecula Cortex Restoration System Enrichment Mask, 500мл;Реконструкция;Холодное восстановление;49.30 BYN;;;https://i.ibb.co/p7YgvT8/images.jpg;
MALECULA;cat_1786698823066_6ri8_sub_Холодное_восстановление;;Маска-активатор 39894 липидная Malecula Cortex First Aid, 150 мл;Реконструкция;Холодное восстановление;40.20 BYN;;;https://i.ibb.co/p7YgvT8/images.jpg;
MALECULA;cat_1786698823066_6ri8_sub_Холодное_восстановление;;Мембрана 36475 S3+ несмываемая Malecula Cortex Restoration System Leave In Membrane, 500мл;Реконструкция;Холодное восстановление;71.40 BYN;;;https://i.ibb.co/p7YgvT8/images.jpg;
MALECULA;cat_1786698823066_6ri8_sub_Холодное_восстановление;;Спрей 588 термозащита 12 в 1 Малекула Кортекс Гидробарьер, 200 мл;Реконструкция;Холодное восстановление;33.50 BYN;;;https://i.ibb.co/p7YgvT8/images.jpg;
MALECULA;cat_1788100861364_s6kb_sub_Парфюмированная_линия;;Крем 41732 для рук и тела La Parf Chromatica Lab Amber Moss, 250 мл;Уход;Парфюмированная линия;30.40 BYN;;;https://i.ibb.co/p7YgvT8/images.jpg;
MALECULA;cat_1788100861364_s6kb_sub_Парфюмированная_линия;;Крем 41734 для рук и тела La Parf Chromatica Lab Cannabis, 250 мл;Уход;Парфюмированная линия;30.40 BYN;;;https://i.ibb.co/p7YgvT8/images.jpg;
MALECULA;cat_1788100861364_s6kb_sub_Парфюмированная_линия;;Крем 41735 для рук и тела La Parf Chromatica Lab Forest Woody, 250 мл;Уход;Парфюмированная линия;30.40 BYN;;;https://i.ibb.co/p7YgvT8/images.jpg;
MALECULA;cat_1788100861364_s6kb_sub_Парфюмированная_линия;;Крем 41736 для рук и тела La Parf Chromatica Lab H2O, 250 мл;Уход;Парфюмированная линия;30.40 BYN;;;https://i.ibb.co/p7YgvT8/images.jpg;
MALECULA;cat_1788100861364_s6kb_sub_Парфюмированная_линия;;Крем 41738 для рук и тела La Parf Chromatica Lab Persea Verde, 250 мл;Уход;Парфюмированная линия;30.40 BYN;;;https://i.ibb.co/p7YgvT8/images.jpg;
MALECULA;cat_1788100861364_s6kb_sub_Парфюмированная_линия;;Крем 41739 для рук и тела La Parf Chromatica Lab Silk, 250 мл;Уход;Парфюмированная линия;30.40 BYN;;;https://i.ibb.co/p7YgvT8/images.jpg;
MALECULA;cat_1788100861364_s6kb_sub_Парфюмированная_линия;;Крем 41741 для рук и тела La Parf Chromatica Lab Summer Garden, 250 мл;Уход;Парфюмированная линия;30.40 BYN;;;https://i.ibb.co/p7YgvT8/images.jpg;
MALECULA;cat_1788100861364_s6kb_sub_Парфюмированная_линия;;Крем 41742 для рук и тела La Parf Chromatica Lab Tobacco Vanilla, 250 мл;Уход;Парфюмированная линия;30.40 BYN;;;https://i.ibb.co/p7YgvT8/images.jpg;
MALECULA;cat_1788100861364_s6kb_sub_Парфюмированная_линия;;Спрей 39897 парфюмированный Chromatica Lab Silk, 100 мл;Уход;Парфюмированная линия;28.00 BYN;;;https://i.ibb.co/p7YgvT8/images.jpg;
MALECULA;cat_1788100861364_s6kb_sub_Парфюмированная_линия;;Спрей 39899 парфюмированный Chromatica Lab Forest Woody, 100 мл;Уход;Парфюмированная линия;28.00 BYN;;;https://i.ibb.co/p7YgvT8/images.jpg;
MALECULA;cat_1788100861364_s6kb_sub_Парфюмированная_линия;;Спрей 39900 парфюмированный Chromatica Lab Persea Verde, 100 мл;Уход;Парфюмированная линия;28.00 BYN;;;https://i.ibb.co/p7YgvT8/images.jpg;
MALECULA;cat_1788100861364_s6kb_sub_Парфюмированная_линия;;Спрей 41624 парфюмированный Chromatica Lab Amber Moss, 100 мл;Уход;Парфюмированная линия;28.00 BYN;;;https://i.ibb.co/p7YgvT8/images.jpg;
MALECULA;cat_1788100861364_s6kb_sub_Парфюмированная_линия;;Спрей 41625 парфюмированный Chromatica Lab H2O, 100 мл;Уход;Парфюмированная линия;28.00 BYN;;;https://i.ibb.co/p7YgvT8/images.jpg;
MALECULA;cat_1788100861364_s6kb_sub_Парфюмированная_линия;;Спрей 41626 парфюмированный Chromatica Lab Cannabis, 100 мл;Уход;Парфюмированная линия;28.00 BYN;;;https://i.ibb.co/p7YgvT8/images.jpg;
MALECULA;cat_1788100861364_s6kb_sub_Парфюмированная_линия;;Спрей 41627 парфюмированный Chromatica Lab Bloom Neroli, 100 мл;Уход;Парфюмированная линия;28.00 BYN;;;https://i.ibb.co/p7YgvT8/images.jpg;
MALECULA;cat_1786698823066_lnmc_sub_Бальзамы;;Бальзам 587 для окрашенных волос Malecula Colour Wave, 300 мл;Уход за волосами;Бальзамы;28.10 BYN;;;https://i.ibb.co/p7YgvT8/images.jpg;
MALECULA;cat_1786698823066_lnmc_sub_Маски;;Маска 35783 для восстановления и укрепления волос SOS Your Hair, 500 мл;Уход за волосами;Маски;75.10 BYN;;;https://i.ibb.co/p7YgvT8/images.jpg;
MALECULA;cat_1786698823066_lnmc_sub_Маски;;Маска 35951 увлажняющая для волос Malecula Hydro SOS Max, 500 мл;Уход за волосами;Маски;73.30 BYN;;;https://i.ibb.co/p7YgvT8/images.jpg;
MALECULA;cat_1788100861364_s6kb_sub_Масла;;Масло 43271 для волос Malecula Miracle Finishing Oil, 30 мл;Уход;Масла;25.60 BYN;;;https://i.ibb.co/p7YgvT8/images.jpg;
MALECULA;cat_1788100861364_s6kb_sub_Масла;;Масло 43272 для волос восстанавливающее Malecula Lovely Hair Repair Oil, 30 мл;Уход;Масла;25.60 BYN;;;https://i.ibb.co/p7YgvT8/images.jpg;
MALECULA;cat_1786698823066_lnmc_sub_Шампуни;;Шампунь 37005 увлажняющий Malecula Woman's Beauty Lift, 1000 мл;Уход за волосами;Шампуни;48.50 BYN;;;https://i.ibb.co/p7YgvT8/images.jpg;
MALECULA;cat_1786698823066_lnmc_sub_Шампуни;;Шампунь 37006 мужской Malecula Man's Power+, 1000 мл;Уход за волосами;Шампуни;48.50 BYN;;;https://i.ibb.co/p7YgvT8/images.jpg;
MALECULA;cat_1786698823066_lnmc_sub_Шампуни;;Шампунь 42040 универсальный увлажняющий Malecula Hydro SOS Max, 300 мл;Уход за волосами;Шампуни;26.30 BYN;;;https://i.ibb.co/p7YgvT8/images.jpg;
MALECULA;cat_1786698823066_lnmc_sub_Шампуни;;Шампунь 586 для окрашенных волос Malecula Colour Wave, 300 мл;Уход за волосами;Шампуни;26.30 BYN;;;https://i.ibb.co/p7YgvT8/images.jpg;
MALECULA;cat_1786698823066_lnmc_sub_Бальзамы;;Бальзам 35378 разглаживающий Paul Oscar Soft Liss Smooth and Silky, 500мл;Уход за волосами;Бальзамы;70.20 BYN;;;https://i.ibb.co/p7YgvT8/images.jpg;
MALECULA;cat_1786698823066_lnmc_sub_Бальзамы;;Бальзам 39210 для создания объема Paul Oscar Volume Up Boost and Density, 500мл;Уход за волосами;Бальзамы;70.20 BYN;;;https://i.ibb.co/p7YgvT8/images.jpg;
MALECULA;cat_1786698823066_lnmc_sub_Маски;;Маска 40626 интенс. реконструктор Botox Sapphire Regeneration & Reconstruction Mask White, 500мл;Уход за волосами;Маски;234.20 BYN;;;https://i.ibb.co/p7YgvT8/images.jpg;
MALECULA;cat_1786698823066_lnmc_sub_Маски;;Маска 41801 заверш. с пантенолом Healthy Mask Panthenol Aqua Superfood B-12 Paul Oscar, 500мл;Уход за волосами;Маски;77.80 BYN;;;https://i.ibb.co/p7YgvT8/images.jpg;
MALECULA;cat_1786698823066_lnmc_sub_Маски;;Маска-гель 715 реконструирующая коллагеновая Cryoplastia Collagen Jelly Mask Paul Oscar, 500мл;Уход за волосами;Маски;68.40 BYN;;;https://i.ibb.co/p7YgvT8/images.jpg;
MALECULA;cat_1786698823066_lnmc_sub_Маски;;Маска-подложка 41611 протеиновая Next Evolution Superfood B-12 Paul Oscar, 500мл;Уход за волосами;Маски;54.10 BYN;;;https://i.ibb.co/p7YgvT8/images.jpg;
MALECULA;cat_1788100861364_98ul_sub_Набор;;Набор 41844 холодного ухода Paul Oscar Superfood B-12 (Пилинг+шампунь+восстан. крем+2 маски);Уход и реконструкция;Набор;276.00 BYN;;;https://i.ibb.co/p7YgvT8/images.jpg;
MALECULA;cat_1788100861364_98ul_sub_Paul_Oscar_Спреи,_масла;;Клей-эликсир 36012 Charme Paul Oscar, 30 мл;Уход и реконструкция;Paul Oscar Спреи, масла;26.90 BYN;;;https://i.ibb.co/p7YgvT8/images.jpg;
MALECULA;cat_1788100861364_98ul_sub_Paul_Oscar_Спреи,_масла;;Крем 41610 восстанавливающий для волос Aminoplex Vitamin Superfood B-12 Paul Oscar, 500мл;Уход и реконструкция;Paul Oscar Спреи, масла;59.60 BYN;;;https://i.ibb.co/p7YgvT8/images.jpg;
MALECULA;cat_1788100861364_98ul_sub_Paul_Oscar_Спреи,_масла;;Пилинг 41608 для кожи головы Prebiotic Detox Superfood B-12, 200 мл;Уход и реконструкция;Paul Oscar Спреи, масла;34.80 BYN;;;https://i.ibb.co/p7YgvT8/images.jpg;
MALECULA;cat_1788100861364_98ul_sub_Paul_Oscar_Спреи,_масла;;Спрей 39732 термозащитный для волос 12 в 1 Anti-heat Protection Paul Oscar, 200 мл;Уход и реконструкция;Paul Oscar Спреи, масла;28.70 BYN;;;https://i.ibb.co/p7YgvT8/images.jpg;
MALECULA;cat_1788100861364_98ul_sub_Paul_Oscar_Спреи,_масла;;Филлер 39518 липидный Silkiss Express Treatment Paul Oscar, 200мл;Уход и реконструкция;Paul Oscar Спреи, масла;72.00 BYN;;;https://i.ibb.co/p7YgvT8/images.jpg;
MALECULA;cat_1788100861364_98ul_sub_Paul_Oscar_Шампуни;;Шампунь 35373 разглаживающий Paul Oscar Soft Liss Smooth and Silky, 500мл;Уход и реконструкция;Paul Oscar Шампуни;54.90 BYN;;;https://i.ibb.co/p7YgvT8/images.jpg;
MALECULA;cat_1788100861364_98ul_sub_Paul_Oscar_Шампуни;;Шампунь 35381 питательный Paul Oscar Nutri Jelly Nutrition and Hydration, 500мл;Уход и реконструкция;Paul Oscar Шампуни;54.90 BYN;;;https://i.ibb.co/p7YgvT8/images.jpg;
MALECULA;cat_1788100861364_98ul_sub_Paul_Oscar_Шампуни;;Шампунь 39209 для создания объема Paul Oscar Volume Up Boost and Density, 500мл;Уход и реконструкция;Paul Oscar Шампуни;54.90 BYN;;;https://i.ibb.co/p7YgvT8/images.jpg;
