Бренд;ID КАТ;Артикул;Название;Категория;Подкатегория;Цена;Старая Цена;Тег;Фото;Описание
MALECULA;;509;Blue Крем-краска Корректор MALECULA Синий, 100 мл;Окрашивание;Краска-корректор;24,30;;;https://encrypted-tbn0.gstatic.com/images?q=tbn:ANd9GcRq2rRSM_XJ4r_Tmp8zy-CjQhzoorwH_uh8b3ZdcxDYMw&s=10;"Эффект: восполнение малекулярной влаги в процессе окрашивания, BTX эффект, стойкое окрашивание
Действующий комплекс: биотин, коллаген, аргановое масло
Тип красителя: перманентный краситель"
MALECULA;;515;Booster13 Крем-краска Корректор MALECULA Усилитель, 100 мл;Окрашивание;Краска-корректор;24,30;;;https://encrypted-tbn0.gstatic.com/images?q=tbn:ANd9GcRq2rRSM_XJ4r_Tmp8zy-CjQhzoorwH_uh8b3ZdcxDYMw&s=11;"Эффект: восполнение малекулярной влаги в процессе окрашивания, BTX эффект, стойкое окрашивание
Действующий комплекс: биотин, коллаген, аргановое масло
Тип красителя: перманентный краситель"
MALECULA;;507;Clear Крем-краска Корректор MALECULA Прозрачный, 100 мл;Окрашивание;Краска-корректор;24,30;;;https://encrypted-tbn0.gstatic.com/images?q=tbn:ANd9GcRq2rRSM_XJ4r_Tmp8zy-CjQhzoorwH_uh8b3ZdcxDYMw&s=12;"Эффект: восполнение малекулярной влаги в процессе окрашивания, BTX эффект, стойкое окрашивание
Действующий комплекс: биотин, коллаген, аргановое масло
Тип красителя: перманентный краситель"
MALECULA;;513;Orange Крем-краска Корректор MALECULA Оранжевый, 100 мл;Окрашивание;Краска-корректор;24,30;;;https://encrypted-tbn0.gstatic.com/images?q=tbn:ANd9GcRq2rRSM_XJ4r_Tmp8zy-CjQhzoorwH_uh8b3ZdcxDYMw&s=13;"Эффект: восполнение малекулярной влаги в процессе окрашивания, BTX эффект, стойкое окрашивание
Действующий комплекс: биотин, коллаген, аргановое масло
Тип красителя: перманентный краситель"
MALECULA;;512;Violet Крем-краска Корректор MALECULA Фиолетовый, 100 мл;Окрашивание;Краска-корректор;24,30;;;https://encrypted-tbn0.gstatic.com/images?q=tbn:ANd9GcRq2rRSM_XJ4r_Tmp8zy-CjQhzoorwH_uh8b3ZdcxDYMw&s=14;"Эффект: восполнение малекулярной влаги в процессе окрашивания, BTX эффект, стойкое окрашивание
Действующий комплекс: биотин, коллаген, аргановое масло
Тип красителя: перманентный краситель"
MALECULA;;510;Yellow Крем-краска Корректор MALECULA Желтый, 100 мл;Окрашивание;Краска-корректор;24,30;;;https://encrypted-tbn0.gstatic.com/images?q=tbn:ANd9GcRq2rRSM_XJ4r_Tmp8zy-CjQhzoorwH_uh8b3ZdcxDYMw&s=15;"Эффект: восполнение малекулярной влаги в процессе окрашивания, BTX эффект, стойкое окрашивание
Действующий комплекс: биотин, коллаген, аргановое масло
Тип красителя: перманентный краситель"
MALECULA;;459;1.0 Крем-краска MALECULA Интенсивный Черный, 100 мл;Окрашивание;Крем-краска;24,30;;;https://encrypted-tbn0.gstatic.com/images?q=tbn:ANd9GcRq2rRSM_XJ4r_Tmp8zy-CjQhzoorwH_uh8b3ZdcxDYMw&s=16;"Профессиональная перманентная крем-краска Colour Wave – это стойкий равномерный цвет и глубокий уход за волосами.
Эффект: восполнение малекулярной влаги в процессе окрашивания, BTX эффект, стойкое окрашивание
Действующий комплекс: биотин, коллаген, аргановое масло
Тип красителя: перманентный краситель"
MALECULA;;473;10 Крем-краска MALECULA Натуральный Платиновый Блонд, 100 мл;Окрашивание;Крем-краска;24,30;;;https://encrypted-tbn0.gstatic.com/images?q=tbn:ANd9GcRq2rRSM_XJ4r_Tmp8zy-CjQhzoorwH_uh8b3ZdcxDYMw&s=17;"Профессиональная перманентная крем-краска Colour Wave – это стойкий равномерный цвет и глубокий уход за волосами.
Эффект: восполнение малекулярной влаги в процессе окрашивания, BTX эффект, стойкое окрашивание
Действующий комплекс: биотин, коллаген, аргановое масло
Тип красителя: перманентный краситель"
MALECULA;;474;10.0 Крем-краска MALECULA Интенсивный Натуральный Платиновый Блонд, 100 мл;Окрашивание;Крем-краска;24,30;;;https://encrypted-tbn0.gstatic.com/images?q=tbn:ANd9GcRq2rRSM_XJ4r_Tmp8zy-CjQhzoorwH_uh8b3ZdcxDYMw&s=18;Профессиональная перманентная крем-краска Colour Wave – это стойкий равномерный цвет и глубокий уход за волосами. Эффект: восполнение малекулярной влаги в процессе окрашивания, BTX эффект, стойкое окрашивание. Действующий комплекс: биотин, коллаген, аргановое масло. Тип красителя: перманентный краситель
MALECULA;;482;10.016 Крем-краска MALECULA Платиновый блонд розовый перламутр, 100 мл;Окрашивание;Крем-краска;24,30;;;https://encrypted-tbn0.gstatic.com/images?q=tbn:ANd9GcRq2rRSM_XJ4r_Tmp8zy-CjQhzoorwH_uh8b3ZdcxDYMw&s=19;Профессиональная перманентная крем-краска Colour Wave – это стойкий равномерный цвет и глубокий уход за волосами. Эффект: восполнение малекулярной влаги в процессе окрашивания, BTX эффект, стойкое окрашивание. Действующий комплекс: биотин, коллаген, аргановое масло. Тип красителя: перманентный краситель
MALECULA;;477;10.02 Крем-краска MALECULA Платиновый Фиолетовый Блонд, 100 мл;Окрашивание;Крем-краска;24,30;;;https://encrypted-tbn0.gstatic.com/images?q=tbn:ANd9GcRq2rRSM_XJ4r_Tmp8zy-CjQhzoorwH_uh8b3ZdcxDYMw&s=20;Профессиональная перманентная крем-краска Colour Wave – это стойкий равномерный цвет и глубокий уход за волосами. Эффект: восполнение малекулярной влаги в процессе окрашивания, BTX эффект, стойкое окрашивание. Действующий комплекс: биотин, коллаген, аргановое масло. Тип красителя: перманентный краситель
MALECULA;;481;10.036 Крем-краска MALECULA Платиновый блонд розовое золото, 100 мл;Окрашивание;Крем-краска;24,30;;;https://encrypted-tbn0.gstatic.com/images?q=tbn:ANd9GcRq2rRSM_XJ4r_Tmp8zy-CjQhzoorwH_uh8b3ZdcxDYMw&s=21;Профессиональная перманентная крем-краска Colour Wave – это стойкий равномерный цвет и глубокий уход за волосами. Эффект: восполнение малекулярной влаги в процессе окрашивания, BTX эффект, стойкое окрашивание. Действующий комплекс: биотин, коллаген, аргановое масло. Тип красителя: перманентный краситель
MALECULA;;475;10.1 Крем-краска MALECULA Пепельный Платиновый Блонд, 100 мл;Окрашивание;Крем-краска;24,30;;;https://encrypted-tbn0.gstatic.com/images?q=tbn:ANd9GcRq2rRSM_XJ4r_Tmp8zy-CjQhzoorwH_uh8b3ZdcxDYMw&s=22;Профессиональная перманентная крем-краска Colour Wave – это стойкий равномерный цвет и глубокий уход за волосами. Эффект: восполнение малекулярной влаги в процессе окрашивания, BTX эффект, стойкое окрашивание. Действующий комплекс: биотин, коллаген, аргановое масло. Тип красителя: перманентный краситель
MALECULA;;478;10.102 Крем-краска MALECULA Платиновый Блонд Металлик Фиолетовый, 100 мл;Окрашивание;Крем-краска;24,30;;;https://encrypted-tbn0.gstatic.com/images?q=tbn:ANd9GcRq2rRSM_XJ4r_Tmp8zy-CjQhzoorwH_uh8b3ZdcxDYMw&s=23;Профессиональная перманентная крем-краска Colour Wave – это стойкий равномерный цвет и глубокий уход за волосами. Эффект: восполнение малекулярной влаги в процессе окрашивания, BTX эффект, стойкое окрашивание. Действующий комплекс: биотин, коллаген, аргановое масло. Тип красителя: перманентный краситель
MALECULA;;489;10.13 Крем-краска MALECULA Платиновый блонд жемчужно-бежевый, 100 мл;Окрашивание;Крем-краска;24,30;;;https://encrypted-tbn0.gstatic.com/images?q=tbn:ANd9GcRq2rRSM_XJ4r_Tmp8zy-CjQhzoorwH_uh8b3ZdcxDYMw&s=24;Профессиональная перманентная крем-краска Colour Wave – это стойкий равномерный цвет и глубокий уход за волосами. Эффект: восполнение малекулярной влаги в процессе окрашивания, BTX эффект, стойкое окрашивание. Действующий комплекс: биотин, коллаген, аргановое масло. Тип красителя: перманентный краситель
MALECULA;;476;10.21 Крем-краска MALECULA Платиновый пепельно-перламутровый блонд, 100 мл;Окрашивание;Крем-краска;24,30;;;https://encrypted-tbn0.gstatic.com/images?q=tbn:ANd9GcRq2rRSM_XJ4r_Tmp8zy-CjQhzoorwH_uh8b3ZdcxDYMw&s=25;Профессиональная перманентная крем-краска Colour Wave – это стойкий равномерный цвет и глубокий уход за волосами. Эффект: восполнение малекулярной влаги в процессе окрашивания, BTX эффект, стойкое окрашивание. Действующий комплекс: биотин, коллаген, аргановое масло. Тип красителя: перманентный краситель
MALECULA;;480;10.3 Крем-краска MALECULA Платиново-золотой блондин, 100 мл;Окрашивание;Крем-краска;24,30;;;https://encrypted-tbn0.gstatic.com/images?q=tbn:ANd9GcRq2rRSM_XJ4r_Tmp8zy-CjQhzoorwH_uh8b3ZdcxDYMw&s=26;Профессиональная перманентная крем-краска Colour Wave – это стойкий равномерный цвет и глубокий уход за волосами. Эффект: восполнение малекулярной влаги в процессе окрашивания, BTX эффект, стойкое окрашивание. Действующий комплекс: биотин, коллаген, аргановое масло. Тип красителя: перманентный краситель
MALECULA;;479;10.32 Крем-краска MALECULA Платиновый Бежевый Блонд, 100 мл;Окрашивание;Крем-краска;24,30;;;https://encrypted-tbn0.gstatic.com/images?q=tbn:ANd9GcRq2rRSM_XJ4r_Tmp8zy-CjQhzoorwH_uh8b3ZdcxDYMw&s=27;Профессиональная перманентная крем-краска Colour Wave – это стойкий равномерный цвет и глубокий уход за волосами. Эффект: восполнение малекулярной влаги в процессе окрашивания, BTX эффект, стойкое окрашивание. Действующий комплекс: биотин, коллаген, аргановое масло. Тип красителя: перманентный краситель
MALECULA;;488;10.8 Крем-краска MALECULA Платиновый светло-розовый блонд, 100 мл;Окрашивание;Крем-краска;24,30;;;https://encrypted-tbn0.gstatic.com/images?q=tbn:ANd9GcRq2rRSM_XJ4r_Tmp8zy-CjQhzoorwH_uh8b3ZdcxDYMw&s=28;Профессиональная перманентная крем-краска Colour Wave – это стойкий равномерный цвет и глубокий уход за волосами. Эффект: восполнение малекулярной влаги в процессе окрашивания, BTX эффект, стойкое окрашивание. Действующий комплекс: биотин, коллаген, аргановое масло. Тип красителя: перманентный краситель
MALECULA;;486;12.016 Крем-краска MALECULA Специальный блонд розовый перламутр, 100 мл;Окрашивание;Крем-краска;24,30;;;https://encrypted-tbn0.gstatic.com/images?q=tbn:ANd9GcRq2rRSM_XJ4r_Tmp8zy-CjQhzoorwH_uh8b3ZdcxDYMw&s=29;Профессиональная перманентная крем-краска Colour Wave – это стойкий равномерный цвет и глубокий уход за волосами. Эффект: восполнение малекулярной влаги в процессе окрашивания, BTX эффект, стойкое окрашивание. Действующий комплекс: биотин, коллаген, аргановое масло. Тип красителя: перманентный краситель
MALECULA;;487;12.02 Крем-краска MALECULA Специальный фиолетовый блонд, 100 мл;Окрашивание;Крем-краска;24,30;;;https://encrypted-tbn0.gstatic.com/images?q=tbn:ANd9GcRq2rRSM_XJ4r_Tmp8zy-CjQhzoorwH_uh8b3ZdcxDYMw&s=30;Профессиональная перманентная крем-краска Colour Wave – это стойкий равномерный цвет и глубокий уход за волосами. Эффект: восполнение малекулярной влаги в процессе окрашивания, BTX эффект, стойкое окрашивание. Действующий комплекс: биотин, коллаген, аргановое масло. Тип красителя: перманентный краситель
MALECULA;;483;12.11 Крем-краска MALECULA Специальный блонд интенсивный пепельный, 100 мл;Окрашивание;Крем-краска;24,30;;;https://encrypted-tbn0.gstatic.com/images?q=tbn:ANd9GcRq2rRSM_XJ4r_Tmp8zy-CjQhzoorwH_uh8b3ZdcxDYMw&s=31;Профессиональная перманентная крем-краска Colour Wave – это стойкий равномерный цвет и глубокий уход за волосами. Эффект: восполнение малекулярной влаги в процессе окрашивания, BTX эффект, стойкое окрашивание. Действующий комплекс: биотин, коллаген, аргановое масло. Тип красителя: перманентный краситель
MALECULA;;485;12.12 Крем-краска MALECULA Специальный блонд металлик фиолетовый, 100 мл;Окрашивание;Крем-краска;24,30;;;https://encrypted-tbn0.gstatic.com/images?q=tbn:ANd9GcRq2rRSM_XJ4r_Tmp8zy-CjQhzoorwH_uh8b3ZdcxDYMw&s=32;Профессиональная перманентная крем-краска Colour Wave – это стойкий равномерный цвет и глубокий уход за волосами. Эффект: восполнение малекулярной влаги в процессе окрашивания, BTX эффект, стойкое окрашивание. Действующий комплекс: биотин, коллаген, аргановое масло. Тип красителя: перманентный краситель
MALECULA;;484;12.21 Крем-краска MALECULA Специальный блонд интенсивный пепельно-перламутровый, 100 мл;Окрашивание;Крем-краска;24,30;;;https://encrypted-tbn0.gstatic.com/images?q=tbn:ANd9GcRq2rRSM_XJ4r_Tmp8zy-CjQhzoorwH_uh8b3ZdcxDYMw&s=33;Профессиональная перманентная крем-краска Colour Wave – это стойкий равномерный цвет и глубокий уход за волосами. Эффект: восполнение малекулярной влаги в процессе окрашивания, BTX эффект, стойкое окрашивание. Действующий комплекс: биотин, коллаген, аргановое масло. Тип красителя: перманентный краситель
MALECULA;;460;3.0 Крем-краска MALECULA Интенсивный Темно-Коричневый, 100 мл;Окрашивание;Крем-краска;24,30;;;https://encrypted-tbn0.gstatic.com/images?q=tbn:ANd9GcRq2rRSM_XJ4r_Tmp8zy-CjQhzoorwH_uh8b3ZdcxDYMw&s=34;Профессиональная перманентная крем-краска Colour Wave – это стойкий равномерный цвет и глубокий уход за волосами. Эффект: восполнение малекулярной влаги в процессе окрашивания, BTX эффект, стойкое окрашивание. Действующий комплекс: биотин, коллаген, аргановое масло. Тип красителя: перманентный краситель
MALECULA;;464;4 Крем-краска MALECULA Натуральный Коричневый, 100 мл;Окрашивание;Крем-краска;24,30;;;https://encrypted-tbn0.gstatic.com/images?q=tbn:ANd9GcRq2rRSM_XJ4r_Tmp8zy-CjQhzoorwH_uh8b3ZdcxDYMw&s=35;Профессиональная перманентная крем-краска Colour Wave – это стойкий равномерный цвет и глубокий уход за волосами. Эффект: восполнение малекулярной влаги в процессе окрашивания, BTX эффект, стойкое окрашивание. Действующий комплекс: биотин, коллаген, аргановое масло. Тип красителя: перманентный краситель
MALECULA;;461;4.0 Крем-краска MALECULA Интенсивный Натуральный Коричневый, 100 мл;Окрашивание;Крем-краска;24,30;;;https://encrypted-tbn0.gstatic.com/images?q=tbn:ANd9GcRq2rRSM_XJ4r_Tmp8zy-CjQhzoorwH_uh8b3ZdcxDYMw&s=36;Профессиональная перманентная крем-краска Colour Wave – это стойкий равномерный цвет и глубокий уход за волосами. Эффект: восполнение малекулярной влаги в процессе окрашивания, BTX эффект, стойкое окрашивание. Действующий комплекс: биотин, коллаген, аргановое масло. Тип красителя: перманентный краситель
MALECULA;;466;4.1 Крем-краска MALECULA Пепельный Коричневый, 100 мл;Окрашивание;Крем-краска;24,30;;;https://encrypted-tbn0.gstatic.com/images?q=tbn:ANd9GcRq2rRSM_XJ4r_Tmp8zy-CjQhzoorwH_uh8b3ZdcxDYMw&s=37;Профессиональная перманентная крем-краска Colour Wave – это стойкий равномерный цвет и глубокий уход за волосами. Эффект: восполнение малекулярной влаги в процессе окрашивания, BTX эффект, стойкое окрашивание. Действующий комплекс: биотин, коллаген, аргановое масло. Тип красителя: перманентный краситель
MALECULA;;469;4.21 Крем-краска MALECULA Пепельно-Перламутровый Коричневый, 100 мл;Окрашивание;Крем-краска;24,30;;;https://encrypted-tbn0.gstatic.com/images?q=tbn:ANd9GcRq2rRSM_XJ4r_Tmp8zy-CjQhzoorwH_uh8b3ZdcxDYMw&s=38;Профессиональная перманентная крем-краска Colour Wave – это стойкий равномерный цвет и глубокий уход за волосами. Эффект: восполнение малекулярной влаги в процессе окрашивания, BTX эффект, стойкое окрашивание. Действующий комплекс: биотин, коллаген, аргановое масло. Тип красителя: перманентный краситель
MALECULA;;472;4.71 Крем-краска MALECULA Табачный коричневый, 100 мл;Окрашивание;Крем-краска;24,30;;;https://encrypted-tbn0.gstatic.com/images?q=tbn:ANd9GcRq2rRSM_XJ4r_Tmp8zy-CjQhzoorwH_uh8b3ZdcxDYMw&s=39;Профессиональная перманентная крем-краска Colour Wave – это стойкий равномерный цвет и глубокий уход за волосами. Эффект: восполнение малекулярной влаги в процессе окрашивания, BTX эффект, стойкое окрашивание. Действующий комплекс: биотин, коллаген, аргановое масло. Тип красителя: перманентный краситель
MALECULA;;463;5 Крем-краска MALECULA Светло-Коричневый, 100 мл;Окрашивание;Крем-краска;24,30;;;https://encrypted-tbn0.gstatic.com/images?q=tbn:ANd9GcRq2rRSM_XJ4r_Tmp8zy-CjQhzoorwH_uh8b3ZdcxDYMw&s=40;Профессиональная перманентная крем-краска Colour Wave – это стойкий равномерный цвет и глубокий уход за волосами. Эффект: восполнение малекулярной влаги в процессе окрашивания, BTX эффект, стойкое окрашивание. Действующий комплекс: биотин, коллаген, аргановое масло. Тип красителя: перманентный краситель
MALECULA;;462;5.0 Крем-краска MALECULA Интенсивный Натуральный Светло-Коричневый, 100 мл;Окрашивание;Крем-краска;24,30;;;https://encrypted-tbn0.gstatic.com/images?q=tbn:ANd9GcRq2rRSM_XJ4r_Tmp8zy-CjQhzoorwH_uh8b3ZdcxDYMw&s=41;Профессиональная перманентная крем-краска Colour Wave – это стойкий равномерный цвет и глубокий уход за волосами. Эффект: восполнение малекулярной влаги в процессе окрашивания, BTX эффект, стойкое окрашивание. Действующий комплекс: биотин, коллаген, аргановое масло. Тип красителя: перманентный краситель
MALECULA;;465;5.1 Крем-краска MALECULA Пепельный Светло-Коричневый, 100 мл;Окрашивание;Крем-краска;24,30;;;https://encrypted-tbn0.gstatic.com/images?q=tbn:ANd9GcRq2rRSM_XJ4r_Tmp8zy-CjQhzoorwH_uh8b3ZdcxDYMw&s=42;Профессиональная перманентная крем-краска Colour Wave – это стойкий равномерный цвет и глубокий уход за волосами. Эффект: восполнение малекулярной влаги в процессе окрашивания, BTX эффект, стойкое окрашивание. Действующий комплекс: биотин, коллаген, аргановое масло. Тип красителя: перманентный краситель
MALECULA;;467;5.11 Крем-краска MALECULA Интенсивно-пепельный натуральный светло-коричневый, 100 мл;Окрашивание;Крем-краска;24,30;;;https://encrypted-tbn0.gstatic.com/images?q=tbn:ANd9GcRq2rRSM_XJ4r_Tmp8zy-CjQhzoorwH_uh8b3ZdcxDYMw&s=43;Профессиональная перманентная крем-краска Colour Wave – это стойкий равномерный цвет и глубокий уход за волосами. Эффект: восполнение малекулярной влаги в процессе окрашивания, BTX эффект, стойкое окрашивание. Действующий комплекс: биотин, коллаген, аргановое масло. Тип красителя: перманентный краситель
MALECULA;;468;5.21 Крем-краска MALECULA Пепельно-Перламутровый Светло-Коричневый, 100 мл;Окрашивание;Крем-краска;24,30;;;https://encrypted-tbn0.gstatic.com/images?q=tbn:ANd9GcRq2rRSM_XJ4r_Tmp8zy-CjQhzoorwH_uh8b3ZdcxDYMw&s=44;Профессиональная перманентная крем-краска Colour Wave – это стойкий равномерный цвет и глубокий уход за волосами. Эффект: восполнение малекулярной влаги в процессе окрашивания, BTX эффект, стойкое окрашивание. Действующий комплекс: биотин, коллаген, аргановое масло. Тип красителя: перманентный краситель
MALECULA;;470;5.32 Крем-краска MALECULA Светлый-Бежевый Коричневый, 100 мл;Окрашивание;Крем-краска;24,30;;;https://encrypted-tbn0.gstatic.com/images?q=tbn:ANd9GcRq2rRSM_XJ4r_Tmp8zy-CjQhzoorwH_uh8b3ZdcxDYMw&s=45;Профессиональная перманентная крем-краска Colour Wave – это стойкий равномерный цвет и глубокий уход за волосами. Эффект: восполнение малекулярной влаги в процессе окрашивания, BTX эффект, стойкое окрашивание. Действующий комплекс: биотин, коллаген, аргановое масло. Тип красителя: перманентный краситель
MALECULA;;444;5.6 Крем-краска MALECULA Светлый красно-коричневый, 100 мл;Окрашивание;Крем-краска;24,30;;;https://encrypted-tbn0.gstatic.com/images?q=tbn:ANd9GcRq2rRSM_XJ4r_Tmp8zy-CjQhzoorwH_uh8b3ZdcxDYMw&s=46;Профессиональная перманентная крем-краска Colour Wave – это стойкий равномерный цвет и глубокий уход за волосами. Эффект: восполнение малекулярной влаги в процессе окрашивания, BTX эффект, стойкое окрашивание. Действующий комплекс: биотин, коллаген, аргановое масло. Тип красителя: перманентный краситель
MALECULA;;446;5.75 Крем-краска MALECULA Светлый коричневый какао, 100 мл;Окрашивание;Крем-краска;24,30;;;https://encrypted-tbn0.gstatic.com/images?q=tbn:ANd9GcRq2rRSM_XJ4r_Tmp8zy-CjQhzoorwH_uh8b3ZdcxDYMw&s=47;Профессиональная перманентная крем-краска Colour Wave – это стойкий равномерный цвет и глубокий уход за волосами. Эффект: восполнение малекулярной влаги в процессе окрашивания, BTX эффект, стойкое окрашивание. Действующий комплекс: биотин, коллаген, аргановое масло. Тип красителя: перманентный краситель
MALECULA;;447;5.77 Крем-краска MALECULA Светло-Коричневый, 100 мл;Окрашивание;Крем-краска;24,30;;;https://encrypted-tbn0.gstatic.com/images?q=tbn:ANd9GcRq2rRSM_XJ4r_Tmp8zy-CjQhzoorwH_uh8b3ZdcxDYMw&s=48;Профессиональная перманентная крем-краска Colour Wave – это стойкий равномерный цвет и глубокий уход за волосами. Эффект: восполнение малекулярной влаги в процессе окрашивания, BTX эффект, стойкое окрашивание. Действующий комплекс: биотин, коллаген, аргановое масло. Тип красителя: перманентный краситель
MALECULA;;445;5.8 Крем-краска MALECULA Холодный светло-коричневый, 100 мл;Окрашивание;Крем-краска;24,30;;;https://encrypted-tbn0.gstatic.com/images?q=tbn:ANd9GcRq2rRSM_XJ4r_Tmp8zy-CjQhzoorwH_uh8b3ZdcxDYMw&s=49;Профессиональная перманентная крем-краска Colour Wave – это стойкий равномерный цвет и глубокий уход за волосами. Эффект: восполнение малекулярной влаги в процессе окрашивания, BTX эффект, стойкое окрашивание. Действующий комплекс: биотин, коллаген, аргановое масло. Тип красителя: перманентный краситель
MALECULA;;403;6.0 Крем-краска MALECULA Интенсивный Натуральный Темный Блонд, 100 мл;Окрашивание;Крем-краска;24,30;;;https://encrypted-tbn0.gstatic.com/images?q=tbn:ANd9GcRq2rRSM_XJ4r_Tmp8zy-CjQhzoorwH_uh8b3ZdcxDYMw&s=50;Профессиональная перманентная крем-краска Colour Wave – это стойкий равномерный цвет и глубокий уход за волосами. Эффект: восполнение малекулярной влаги в процессе окрашивания, BTX эффект, стойкое окрашивание. Действующий комплекс: биотин, коллаген, аргановое масло. Тип красителя: перманентный краситель
MALECULA;;407;6.1 Крем-краска MALECULA Пепельный Темный Блонд, 100 мл;Окрашивание;Крем-краска;24,30;;;https://encrypted-tbn0.gstatic.com/images?q=tbn:ANd9GcRq2rRSM_XJ4r_Tmp8zy-CjQhzoorwH_uh8b3ZdcxDYMw&s=51;Профессиональная перманентная крем-краска Colour Wave – это стойкий равномерный цвет и глубокий уход за волосами. Эффект: восполнение малекулярной влаги в процессе окрашивания, BTX эффект, стойкое окрашивание. Действующий комплекс: биотин, коллаген, аргановое масло. Тип красителя: перманентный краситель
MALECULA;;450;6.102 Крем-краска MALECULA Темный Блонд Металлик Фиолетовый, 100 мл;Окрашивание;Крем-краска;24,30;;;https://encrypted-tbn0.gstatic.com/images?q=tbn:ANd9GcRq2rRSM_XJ4r_Tmp8zy-CjQhzoorwH_uh8b3ZdcxDYMw&s=52;Профессиональная перманентная крем-краска Colour Wave – это стойкий равномерный цвет и глубокий уход за волосами. Эффект: восполнение малекулярной влаги в процессе окрашивания, BTX эффект, стойкое окрашивание. Действующий комплекс: биотин, коллаген, аргановое масло. Тип красителя: перманентный краситель
MALECULA;;411;6.21 Крем-краска MALECULA Пепельно-Перламутровый Темный Блонд, 100 мл;Окрашивание;Крем-краска;24,30;;;https://encrypted-tbn0.gstatic.com/images?q=tbn:ANd9GcRq2rRSM_XJ4r_Tmp8zy-CjQhzoorwH_uh8b3ZdcxDYMw&s=53;Профессиональная перманентная крем-краска Colour Wave – это стойкий равномерный цвет и глубокий уход за волосами. Эффект: восполнение малекулярной влаги в процессе окрашивания, BTX эффект, стойкое окрашивание. Действующий комплекс: биотин, коллаген, аргановое масло. Тип красителя: перманентный краситель
MALECULA;;452;6.3 Крем-краска MALECULA Темный золотой блондин, 100 мл;Окрашивание;Крем-краска;24,30;;;https://encrypted-tbn0.gstatic.com/images?q=tbn:ANd9GcRq2rRSM_XJ4r_Tmp8zy-CjQhzoorwH_uh8b3ZdcxDYMw&s=54;Профессиональная перманентная крем-краска Colour Wave – это стойкий равномерный цвет и глубокий уход за волосами. Эффект: восполнение малекулярной влаги в процессе окрашивания, BTX эффект, стойкое окрашивание. Действующий комплекс: биотин, коллаген, аргановое масло. Тип красителя: перманентный краситель
MALECULA;;519;6.666 Крем-краска MALECULA Экстра-интенсивный красный темный блонд, 100 мл;Окрашивание;Крем-краска;24,30;;;https://encrypted-tbn0.gstatic.com/images?q=tbn:ANd9GcRq2rRSM_XJ4r_Tmp8zy-CjQhzoorwH_uh8b3ZdcxDYMw&s=55;Профессиональная перманентная крем-краска Colour Wave – это стойкий равномерный цвет и глубокий уход за волосами. Эффект: восполнение малекулярной влаги в процессе окрашивания, BTX эффект, стойкое окрашивание. Действующий комплекс: биотин, коллаген, аргановое масло. Тип красителя: перманентный краситель
MALECULA;;516;6.75 Крем-краска MALECULA Темный какао блонд, 100 мл;Окрашивание;Крем-краска;24,30;;;https://encrypted-tbn0.gstatic.com/images?q=tbn:ANd9GcRq2rRSM_XJ4r_Tmp8zy-CjQhzoorwH_uh8b3ZdcxDYMw&s=56;Профессиональная перманентная крем-краска Colour Wave – это стойкий равномерный цвет и глубокий уход за волосами. Эффект: восполнение малекулярной влаги в процессе окрашивания, BTX эффект, стойкое окрашивание. Действующий комплекс: биотин, коллаген, аргановое масло. Тип красителя: перманентный краситель
MALECULA;;457;6.77 Крем-краска MALECULA Темно-коричневый блондин, 100 мл;Окрашивание;Крем-краска;24,30;;;https://encrypted-tbn0.gstatic.com/images?q=tbn:ANd9GcRq2rRSM_XJ4r_Tmp8zy-CjQhzoorwH_uh8b3ZdcxDYMw&s=57;Профессиональная перманентная крем-краска Colour Wave – это стойкий равномерный цвет и глубокий уход за волосами. Эффект: восполнение малекулярной влаги в процессе окрашивания, BTX эффект, стойкое окрашивание. Действующий комплекс: биотин, коллаген, аргановое масло. Тип красителя: перманентный краситель
MALECULA;;517;6.8 Крем-краска MALECULA Холодный темно-коричневый блонд, 100 мл;Окрашивание;Крем-краска;24,30;;;https://encrypted-tbn0.gstatic.com/images?q=tbn:ANd9GcRq2rRSM_XJ4r_Tmp8zy-CjQhzoorwH_uh8b3ZdcxDYMw&s=58;Профессиональная перманентная крем-краска Colour Wave – это стойкий равномерный цвет и глубокий уход за волосами. Эффект: восполнение малекулярной влаги в процессе окрашивания, BTX эффект, стойкое окрашивание. Действующий комплекс: биотин, коллаген, аргановое масло. Тип красителя: перманентный краситель
MALECULA;;405;7.0 Крем-краска MALECULA Интенсивный Натуральный Блонд, 100 мл;Окрашивание;Крем-краска;24,30;;;https://encrypted-tbn0.gstatic.com/images?q=tbn:ANd9GcRq2rRSM_XJ4r_Tmp8zy-CjQhzoorwH_uh8b3ZdcxDYMw&s=59;Профессиональная перманентная крем-краска Colour Wave – это стойкий равномерный цвет и глубокий уход за волосами. Эффект: восполнение малекулярной влаги в процессе окрашивания, BTX эффект, стойкое окрашивание. Действующий комплекс: биотин, коллаген, аргановое масло. Тип красителя: перманентный краситель
MALECULA;;406;7.1 Крем-краска MALECULA Пепельный Блонд, 100 мл;Окрашивание;Крем-краска;24,30;;;https://encrypted-tbn0.gstatic.com/images?q=tbn:ANd9GcRq2rRSM_XJ4r_Tmp8zy-CjQhzoorwH_uh8b3ZdcxDYMw&s=60;Профессиональная перманентная крем-краска Colour Wave – это стойкий равномерный цвет и глубокий уход за волосами. Эффект: восполнение малекулярной влаги в процессе окрашивания, BTX эффект, стойкое окрашивание. Действующий комплекс: биотин, коллаген, аргановое масло. Тип красителя: перманентный краситель
MALECULA;;449;7.102 Крем-краска MALECULA Блонд Металлик Фиолетовый, 100 мл;Окрашивание;Крем-краска;24,30;;;https://encrypted-tbn0.gstatic.com/images?q=tbn:ANd9GcRq2rRSM_XJ4r_Tmp8zy-CjQhzoorwH_uh8b3ZdcxDYMw&s=61;Профессиональная перманентная крем-краска Colour Wave – это стойкий равномерный цвет и глубокий уход за волосами. Эффект: восполнение малекулярной влаги в процессе окрашивания, BTX эффект, стойкое окрашивание. Действующий комплекс: биотин, коллаген, аргановое масло. Тип красителя: перманентный краситель
MALECULA;;410;7.21 Крем-краска MALECULA Пепельно-Перламутровый Блонд, 100 мл;Окрашивание;Крем-краска;24,30;;;https://encrypted-tbn0.gstatic.com/images?q=tbn:ANd9GcRq2rRSM_XJ4r_Tmp8zy-CjQhzoorwH_uh8b3ZdcxDYMw&s=62;Профессиональная перманентная крем-краска Colour Wave – это стойкий равномерный цвет и глубокий уход за волосами. Эффект: восполнение малекулярной влаги в процессе окрашивания, BTX эффект, стойкое окрашивание. Действующий комплекс: биотин, коллаген, аргановое масло. Тип красителя: перманентный краситель
MALECULA;;451;7.3 Крем-краска MALECULA Золотой блондин, 100 мл;Окрашивание;Крем-краска;24,30;;;https://encrypted-tbn0.gstatic.com/images?q=tbn:ANd9GcRq2rRSM_XJ4r_Tmp8zy-CjQhzoorwH_uh8b3ZdcxDYMw&s=63;Профессиональная перманентная крем-краска Colour Wave – это стойкий равномерный цвет и глубокий уход за волосами. Эффект: восполнение малекулярной влаги в процессе окрашивания, BTX эффект, стойкое окрашивание. Действующий комплекс: биотин, коллаген, аргановое масло. Тип красителя: перманентный краситель
MALECULA;;412;7.32 Крем-краска MALECULA Бежевый Блонд, 100 мл;Окрашивание;Крем-краска;24,30;;;https://encrypted-tbn0.gstatic.com/images?q=tbn:ANd9GcRq2rRSM_XJ4r_Tmp8zy-CjQhzoorwH_uh8b3ZdcxDYMw&s=64;Профессиональная перманентная крем-краска Colour Wave – это стойкий равномерный цвет и глубокий уход за волосами. Эффект: восполнение малекулярной влаги в процессе окрашивания, BTX эффект, стойкое окрашивание. Действующий комплекс: биотин, коллаген, аргановое масло. Тип красителя: перманентный краситель
MALECULA;;453;7.34 Крем-краска MALECULA Золотисто-медный блонд, 100 мл;Окрашивание;Крем-краска;24,30;;;https://encrypted-tbn0.gstatic.com/images?q=tbn:ANd9GcRq2rRSM_XJ4r_Tmp8zy-CjQhzoorwH_uh8b3ZdcxDYMw&s=65;Профессиональная перманентная крем-краска Colour Wave – это стойкий равномерный цвет и глубокий уход за волосами. Эффект: восполнение малекулярной влаги в процессе окрашивания, BTX эффект, стойкое окрашивание. Действующий комплекс: биотин, коллаген, аргановое масло. Тип красителя: перманентный краситель
MALECULA;;455;7.44 Крем-краска MALECULA Интенсивный медный блонд, 100 мл;Окрашивание;Крем-краска;24,30;;;https://encrypted-tbn0.gstatic.com/images?q=tbn:ANd9GcRq2rRSM_XJ4r_Tmp8zy-CjQhzoorwH_uh8b3ZdcxDYMw&s=66;Профессиональная перманентная крем-краска Colour Wave – это стойкий равномерный цвет и глубокий уход за волосами. Эффект: восполнение малекулярной влаги в процессе окрашивания, BTX эффект, стойкое окрашивание. Действующий комплекс: биотин, коллаген, аргановое масло. Тип красителя: перманентный краситель
MALECULA;;520;7.666 Крем-краска MALECULA Экстра-интенсивный красный блонд, 100 мл;Окрашивание;Крем-краска;24,30;;;https://encrypted-tbn0.gstatic.com/images?q=tbn:ANd9GcRq2rRSM_XJ4r_Tmp8zy-CjQhzoorwH_uh8b3ZdcxDYMw&s=67;Профессиональная перманентная крем-краска Colour Wave – это стойкий равномерный цвет и глубокий уход за волосами. Эффект: восполнение малекулярной влаги в процессе окрашивания, BTX эффект, стойкое окрашивание. Действующий комплекс: биотин, коллаген, аргановое масло. Тип красителя: перманентный краситель
MALECULA;;458;7.75 Крем-краска MALECULA Какао блонд, 100 мл;Окрашивание;Крем-краска;24,30;;;https://encrypted-tbn0.gstatic.com/images?q=tbn:ANd9GcRq2rRSM_XJ4r_Tmp8zy-CjQhzoorwH_uh8b3ZdcxDYMw&s=68;Профессиональная перманентная крем-краска Colour Wave – это стойкий равномерный цвет и глубокий уход за волосами. Эффект: восполнение малекулярной влаги в процессе окрашивания, BTX эффект, стойкое окрашивание. Действующий комплекс: биотин, коллаген, аргановое масло. Тип красителя: перманентный краситель
MALECULA;;518;7.8 Крем-краска MALECULA Холодный коричневый блонд, 100 мл;Окрашивание;Крем-краска;24,30;;;https://encrypted-tbn0.gstatic.com/images?q=tbn:ANd9GcRq2rRSM_XJ4r_Tmp8zy-CjQhzoorwH_uh8b3ZdcxDYMw&s=69;Профессиональная перманентная крем-краска Colour Wave – это стойкий равномерный цвет и глубокий уход за волосами. Эффект: восполнение малекулярной влаги в процессе окрашивания, BTX эффект, стойкое окрашивание. Действующий комплекс: биотин, коллаген, аргановое масло. Тип красителя: перманентный краситель
MALECULA;;415;8 Крем-краска MALECULA Светлый блонд, 100 мл;Окрашивание;Крем-краска;24,30;;;https://encrypted-tbn0.gstatic.com/images?q=tbn:ANd9GcRq2rRSM_XJ4r_Tmp8zy-CjQhzoorwH_uh8b3ZdcxDYMw&s=70;Профессиональная перманентная крем-краска Colour Wave – это стойкий равномерный цвет и глубокий уход за волосами. Эффект: восполнение малекулярной влаги в процессе окрашивания, BTX эффект, стойкое окрашивание. Действующий комплекс: биотин, коллаген, аргановое масло. Тип красителя: перманентный краситель
MALECULA;;416;8.0 Крем-краска MALECULA Интенсивный Натуральный Светлый Блонд, 100 мл;Окрашивание;Крем-краска;24,30;;;https://encrypted-tbn0.gstatic.com/images?q=tbn:ANd9GcRq2rRSM_XJ4r_Tmp8zy-CjQhzoorwH_uh8b3ZdcxDYMw&s=71;Профессиональная перманентная крем-краска Colour Wave – это стойкий равномерный цвет и глубокий уход за волосами. Эффект: восполнение малекулярной влаги в процессе окрашивания, BTX эффект, стойкое окрашивание. Действующий комплекс: биотин, коллаген, аргановое масло. Тип красителя: перманентный краситель
MALECULA;;424;8.102 Крем-краска MALECULA Светлый Блонд Метталик Фиолетовый, 100 мл;Окрашивание;Крем-краска;24,30;;;https://encrypted-tbn0.gstatic.com/images?q=tbn:ANd9GcRq2rRSM_XJ4r_Tmp8zy-CjQhzoorwH_uh8b3ZdcxDYMw&s=72;Профессиональная перманентная крем-краска Colour Wave – это стойкий равномерный цвет и глубокий уход за волосами. Эффект: восполнение малекулярной влаги в процессе окрашивания, BTX эффект, стойкое окрашивание. Действующий комплекс: биотин, коллаген, аргановое масло. Тип красителя: перманентный краситель
MALECULA;;419;8.11 Крем-краска MALECULA Интенсивно-пепельный натуральный светлый блонд, 100 мл;Окрашивание;Крем-краска;24,30;;;https://encrypted-tbn0.gstatic.com/images?q=tbn:ANd9GcRq2rRSM_XJ4r_Tmp8zy-CjQhzoorwH_uh8b3ZdcxDYMw&s=73;Профессиональная перманентная крем-краска Colour Wave – это стойкий равномерный цвет и глубокий уход за волосами. Эффект: восполнение малекулярной влаги в процессе окрашивания, BTX эффект, стойкое окрашивание. Действующий комплекс: биотин, коллаген, аргановое масло. Тип красителя: перманентный краситель
MALECULA;;421;8.21 Крем-краска MALECULA Пепельно-перламутровый светлый блонд, 100 мл;Окрашивание;Крем-краска;24,30;;;https://encrypted-tbn0.gstatic.com/images?q=tbn:ANd9GcRq2rRSM_XJ4r_Tmp8zy-CjQhzoorwH_uh8b3ZdcxDYMw&s=74;Профессиональная перманентная крем-краска Colour Wave – это стойкий равномерный цвет и глубокий уход за волосами. Эффект: восполнение малекулярной влаги в процессе окрашивания, BTX эффект, стойкое окрашивание. Действующий комплекс: биотин, коллаген, аргановое масло. Тип красителя: перманентный краситель
MALECULA;;434;8.34 Крем-краска MALECULA Светлый золотисто-медный блонд, 100 мл;Окрашивание;Крем-краска;24,30;;;https://encrypted-tbn0.gstatic.com/images?q=tbn:ANd9GcRq2rRSM_XJ4r_Tmp8zy-CjQhzoorwH_uh8b3ZdcxDYMw&s=75;Профессиональная перманентная крем-краска Colour Wave – это стойкий равномерный цвет и глубокий уход за волосами. Эффект: восполнение малекулярной влаги в процессе окрашивания, BTX эффект, стойкое окрашивание. Действующий комплекс: биотин, коллаген, аргановое масло. Тип красителя: перманентный краситель
MALECULA;;437;8.4 Крем-краска MALECULA Светлый медный блонд, 100 мл;Окрашивание;Крем-краска;24,30;;;https://encrypted-tbn0.gstatic.com/images?q=tbn:ANd9GcRq2rRSM_XJ4r_Tmp8zy-CjQhzoorwH_uh8b3ZdcxDYMw&s=76;Профессиональная перманентная крем-краска Colour Wave – это стойкий равномерный цвет и глубокий уход за волосами. Эффект: восполнение малекулярной влаги в процессе окрашивания, BTX эффект, стойкое окрашивание. Действующий комплекс: биотин, коллаген, аргановое масло. Тип красителя: перманентный краситель
MALECULA;;442;8.8 Крем-краска MALECULA Холодный светло-коричневый блонд, 100 мл;Окрашивание;Крем-краска;24,30;;;https://encrypted-tbn0.gstatic.com/images?q=tbn:ANd9GcRq2rRSM_XJ4r_Tmp8zy-CjQhzoorwH_uh8b3ZdcxDYMw&s=77;Профессиональная перманентная крем-краска Colour Wave – это стойкий равномерный цвет и глубокий уход за волосами. Эффект: восполнение малекулярной влаги в процессе окрашивания, BTX эффект, стойкое окрашивание. Действующий комплекс: биотин, коллаген, аргановое масло. Тип красителя: перманентный краситель
MALECULA;;413;9 Крем-краска MALECULA Натуральный Очень Светлый блонд, 100 мл;Окрашивание;Крем-краска;24,30;;;https://encrypted-tbn0.gstatic.com/images?q=tbn:ANd9GcRq2rRSM_XJ4r_Tmp8zy-CjQhzoorwH_uh8b3ZdcxDYMw&s=78;Профессиональная перманентная крем-краска Colour Wave – это стойкий равномерный цвет и глубокий уход за волосами. Эффект: восполнение малекулярной влаги в процессе окрашивания, BTX эффект, стойкое окрашивание. Действующий комплекс: биотин, коллаген, аргановое масло. Тип красителя: перманентный краситель
MALECULA;;414;9.0 Крем-краска MALECULA Интенсивный Натуральный Очень Светлый Блонд, 100 мл;Окрашивание;Крем-краска;24,30;;;https://encrypted-tbn0.gstatic.com/images?q=tbn:ANd9GcRq2rRSM_XJ4r_Tmp8zy-CjQhzoorwH_uh8b3ZdcxDYMw&s=79;Профессиональная перманентная крем-краска Colour Wave – это стойкий равномерный цвет и глубокий уход за волосами. Эффект: восполнение малекулярной влаги в процессе окрашивания, BTX эффект, стойкое окрашивание. Действующий комплекс: биотин, коллаген, аргановое масло. Тип красителя: перманентный краситель
MALECULA;;429;9.016 Крем-краска MALECULA Очень светлый блонд розовый перламутр, 100 мл;Окрашивание;Крем-краска;24,30;;;https://encrypted-tbn0.gstatic.com/images?q=tbn:ANd9GcRq2rRSM_XJ4r_Tmp8zy-CjQhzoorwH_uh8b3ZdcxDYMw&s=80;Профессиональная перманентная крем-краска Colour Wave – это стойкий равномерный цвет и глубокий уход за волосами. Эффект: восполнение малекулярной влаги в процессе окрашивания, BTX эффект, стойкое окрашивание. Действующий комплекс: биотин, коллаген, аргановое масло. Тип красителя: перманентный краситель
MALECULA;;430;9.036 Крем-краска MALECULA Очень светлый блонд розовое золото, 100 мл;Окрашивание;Крем-краска;24,30;;;https://encrypted-tbn0.gstatic.com/images?q=tbn:ANd9GcRq2rRSM_XJ4r_Tmp8zy-CjQhzoorwH_uh8b3ZdcxDYMw&s=81;Профессиональная перманентная крем-краска Colour Wave – это стойкий равномерный цвет и глубокий уход за волосами. Эффект: восполнение малекулярной влаги в процессе окрашивания, BTX эффект, стойкое окрашивание. Действующий комплекс: биотин, коллаген, аргановое масло. Тип красителя: перманентный краситель
MALECULA;;417;9.1 Крем-краска MALECULA Пепельный Очень Светлый Блонд, 100 мл;Окрашивание;Крем-краска;24,30;;;https://encrypted-tbn0.gstatic.com/images?q=tbn:ANd9GcRq2rRSM_XJ4r_Tmp8zy-CjQhzoorwH_uh8b3ZdcxDYMw&s=82;Профессиональная перманентная крем-краска Colour Wave – это стойкий равномерный цвет и глубокий уход за волосами. Эффект: восполнение малекулярной влаги в процессе окрашивания, BTX эффект, стойкое окрашивание. Действующий комплекс: биотин, коллаген, аргановое масло. Тип красителя: перманентный краситель
MALECULA;;425;9.102 Крем-краска MALECULA Очень Светлый Блонд Метталик Фиолетовый, 100 мл;Окрашивание;Крем-краска;24,30;;;https://encrypted-tbn0.gstatic.com/images?q=tbn:ANd9GcRq2rRSM_XJ4r_Tmp8zy-CjQhzoorwH_uh8b3ZdcxDYMw&s=83;Профессиональная перманентная крем-краска Colour Wave – это стойкий равномерный цвет и глубокий уход за волосами. Эффект: восполнение малекулярной влаги в процессе окрашивания, BTX эффект, стойкое окрашивание. Действующий комплекс: биотин, коллаген, аргановое масло. Тип красителя: перманентный краситель
MALECULA;;422;9.13 Крем-краска MALECULA Очень светлый блонд жемчужно-бежевый, 100 мл;Окрашивание;Крем-краска;24,30;;;https://encrypted-tbn0.gstatic.com/images?q=tbn:ANd9GcRq2rRSM_XJ4r_Tmp8zy-CjQhzoorwH_uh8b3ZdcxDYMw&s=84;Профессиональная перманентная крем-краска Colour Wave – это стойкий равномерный цвет и глубокий уход за волосами. Эффект: восполнение малекулярной влаги в процессе окрашивания, BTX эффект, стойкое окрашивание. Действующий комплекс: биотин, коллаген, аргановое масло. Тип красителя: перманентный краситель
MALECULA;;426;9.206 Крем-краска MALECULA Очень светлый блонд жемчужно-фиолетовый, 100 мл;Окрашивание;Крем-краска;24,30;;;https://encrypted-tbn0.gstatic.com/images?q=tbn:ANd9GcRq2rRSM_XJ4r_Tmp8zy-CjQhzoorwH_uh8b3ZdcxDYMw&s=85;Профессиональная перманентная крем-краска Colour Wave – это стойкий равномерный цвет и глубокий уход за волосами. Эффект: восполнение малекулярной влаги в процессе окрашивания, BTX эффект, стойкое окрашивание. Действующий комплекс: биотин, коллаген, аргановое масло. Тип красителя: перманентный краситель
MALECULA;;420;9.21 Крем-краска MALECULA Пепельно-перламутровый очень светлый блонд, 100 мл;Окрашивание;Крем-краска;24,30;;;https://encrypted-tbn0.gstatic.com/images?q=tbn:ANd9GcRq2rRSM_XJ4r_Tmp8zy-CjQhzoorwH_uh8b3ZdcxDYMw&s=86;Профессиональная перманентная крем-краска Colour Wave – это стойкий равномерный цвет и глубокий уход за волосами. Эффект: восполнение малекулярной влаги в процессе окрашивания, BTX эффект, стойкое окрашивание. Действующий комплекс: биотин, коллаген, аргановое масло. Тип красителя: перманентный краситель
MALECULA;;431;9.32 Крем-краска MALECULA Очень Светлый Бежевый Блонд, 100 мл;Окрашивание;Крем-краска;24,30;;;https://encrypted-tbn0.gstatic.com/images?q=tbn:ANd9GcRq2rRSM_XJ4r_Tmp8zy-CjQhzoorwH_uh8b3ZdcxDYMw&s=87;Профессиональная перманентная крем-краска Colour Wave – это стойкий равномерный цвет и глубокий уход за волосами. Эффект: восполнение малекулярной влаги в процессе окрашивания, BTX эффект, стойкое окрашивание. Действующий комплекс: биотин, коллаген, аргановое масло. Тип красителя: перманентный краситель
MALECULA;;435;9.34 Крем-краска MALECULA Очень светлый золотисто-медный блонд, 100 мл;Окрашивание;Крем-краска;24,30;;;https://encrypted-tbn0.gstatic.com/images?q=tbn:ANd9GcRq2rRSM_XJ4r_Tmp8zy-CjQhzoorwH_uh8b3ZdcxDYMw&s=88;Профессиональная перманентная крем-краска Colour Wave – это стойкий равномерный цвет и глубокий уход за волосами. Эффект: восполнение малекулярной влаги в процессе окрашивания, BTX эффект, стойкое окрашивание. Действующий комплекс: биотин, коллаген, аргановое масло. Тип красителя: перманентный краситель
MALECULA;;436;9.4 Крем-краска MALECULA Очень светлый медный блонд, 100 мл;Окрашивание;Крем-краска;24,30;;;https://encrypted-tbn0.gstatic.com/images?q=tbn:ANd9GcRq2rRSM_XJ4r_Tmp8zy-CjQhzoorwH_uh8b3ZdcxDYMw&s=89;Профессиональная перманентная крем-краска Colour Wave – это стойкий равномерный цвет и глубокий уход за волосами. Эффект: восполнение малекулярной влаги в процессе окрашивания, BTX эффект, стойкое окрашивание. Действующий комплекс: биотин, коллаген, аргановое масло. Тип красителя: перманентный краситель
MALECULA;;438;9.41 Крем-краска MALECULA Очень светлый блонд холодный медный, 100 мл;Окрашивание;Крем-краска;24,30;;;https://encrypted-tbn0.gstatic.com/images?q=tbn:ANd9GcRq2rRSM_XJ4r_Tmp8zy-CjQhzoorwH_uh8b3ZdcxDYMw&s=90;Профессиональная перманентная крем-краска Colour Wave – это стойкий равномерный цвет и глубокий уход за волосами. Эффект: восполнение малекулярной влаги в процессе окрашивания, BTX эффект, стойкое окрашивание. Действующий комплекс: биотин, коллаген, аргановое масло. Тип красителя: перманентный краситель
MALECULA;;440;9.42 Крем-краска MALECULA Очень светлый блонд медно-фиолетовый, 100 мл;Окрашивание;Крем-краска;24,30;;;https://encrypted-tbn0.gstatic.com/images?q=tbn:ANd9GcRq2rRSM_XJ4r_Tmp8zy-CjQhzoorwH_uh8b3ZdcxDYMw&s=91;Профессиональная перманентная крем-краска Colour Wave – это стойкий равномерный цвет и глубокий уход за волосами. Эффект: восполнение малекулярной влаги в процессе окрашивания, BTX эффект, стойкое окрашивание. Действующий комплекс: биотин, коллаген, аргановое масло. Тип красителя: перманентный краситель
MALECULA;;439;9.46 Крем-краска MALECULA Очень светлый блонд медно-розовый, 100 мл;Окрашивание;Крем-краска;24,30;;;https://encrypted-tbn0.gstatic.com/images?q=tbn:ANd9GcRq2rRSM_XJ4r_Tmp8zy-CjQhzoorwH_uh8b3ZdcxDYMw&s=92;Профессиональная перманентная крем-краска Colour Wave – это стойкий равномерный цвет и глубокий уход за волосами. Эффект: восполнение малекулярной влаги в процессе окрашивания, BTX эффект, стойкое окрашивание. Действующий комплекс: биотин, коллаген, аргановое масло. Тип красителя: перманентный краситель
MALECULA;;494;Эмульсия 1,5% 1000 мл. окисляющая Malecula Oxi Emulsion Colour Wave;Оксигенты;Оксигенты 1л.;33,80;;;https://encrypted-tbn0.gstatic.com/images?q=tbn:ANd9GcRq2rRSM_XJ4r_Tmp8zy-CjQhzoorwH_uh8b3ZdcxDYMw&s=93;"Окисляющая эмульсия MALECULA Colour Wave гарантирует долговременное окрашивание с равномерным распределением цвета.
Произведена согласно последним разработкам в сфере колористики из Италии, что способствует идеальной реализации любой выбранной Вами техники окрашивания, в том числе — окрашивание седины."
MALECULA;;495;Эмульсия 12% 1000 мл. окисляющая Malecula Oxi Emulsion Colour Wave;Оксигенты;Оксигенты 1л.;33,80;;;https://encrypted-tbn0.gstatic.com/images?q=tbn:ANd9GcRq2rRSM_XJ4r_Tmp8zy-CjQhzoorwH_uh8b3ZdcxDYMw&s=94;"Окисляющая эмульсия MALECULA Colour Wave гарантирует долговременное окрашивание с равномерным распределением цвета.
Произведена согласно последним разработкам в сфере колористики из Италии, что способствует идеальной реализации любой выбранной Вами техники окрашивания, в том числе — окрашивание седины."
MALECULA;;493;Эмульсия 3% 1000 мл. окисляющая Malecula Oxi Emulsion Colour Wave;Оксигенты;Оксигенты 1л.;33,80;;;https://encrypted-tbn0.gstatic.com/images?q=tbn:ANd9GcRq2rRSM_XJ4r_Tmp8zy-CjQhzoorwH_uh8b3ZdcxDYMw&s=95;"Окисляющая эмульсия MALECULA Colour Wave гарантирует долговременное окрашивание с равномерным распределением цвета.
Произведена согласно последним разработкам в сфере колористики из Италии, что способствует идеальной реализации любой выбранной Вами техники окрашивания, в том числе — окрашивание седины."
MALECULA;;496;Эмульсия 6% 1000 мл. окисляющая Malecula Oxi Emulsion Colour Wave;Оксигенты;Оксигенты 1л.;33,80;;;https://encrypted-tbn0.gstatic.com/images?q=tbn:ANd9GcRq2rRSM_XJ4r_Tmp8zy-CjQhzoorwH_uh8b3ZdcxDYMw&s=96;"Окисляющая эмульсия MALECULA Colour Wave гарантирует долговременное окрашивание с равномерным распределением цвета.
Произведена согласно последним разработкам в сфере колористики из Италии, что способствует идеальной реализации любой выбранной Вами техники окрашивания, в том числе — окрашивание седины."
MALECULA;;492;Эмульсия 9% 1000 мл. окисляющая Malecula Oxi Emulsion Colour Wave;Оксигенты;Оксигенты 1л.;33,80;;;https://encrypted-tbn0.gstatic.com/images?q=tbn:ANd9GcRq2rRSM_XJ4r_Tmp8zy-CjQhzoorwH_uh8b3ZdcxDYMw&s=97;"Окисляющая эмульсия MALECULA Colour Wave гарантирует долговременное окрашивание с равномерным распределением цвета.
Произведена согласно последним разработкам в сфере колористики из Италии, что способствует идеальной реализации любой выбранной Вами техники окрашивания, в том числе — окрашивание седины."
MALECULA;;46442;Осветляющая пудра обесцвечивает волосы на 9 тонов. В составе есть ухаживающие компоненты, поэтому снижается риск повреждения волос. Пудру можно использовать на тонких волосах. Не пылится и не набухает.;Оксигенты;Пудра;63,30;;;https://encrypted-tbn0.gstatic.com/images?q=tbn:ANd9GcRq2rRSM_XJ4r_Tmp8zy-CjQhzoorwH_uh8b3ZdcxDYMw&s=98;Осветляющая пудра обесцвечивает волосы на 9 тонов. В составе есть ухаживающие компоненты, поэтому снижается риск повреждения волос. Пудру можно использовать на тонких волосах. Не пылится и не набухает.
MALECULA;;46443;Осветляющая пудра Малекула Colour Wave Про Блонд - формула идеального блонда. Гарантирует потрясающий результат: защита волоса в процессе работы и осветление от 7 до 9 уровней. ;Оксигенты;Пудра;110,10;;;https://encrypted-tbn0.gstatic.com/images?q=tbn:ANd9GcRq2rRSM_XJ4r_Tmp8zy-CjQhzoorwH_uh8b3ZdcxDYMw&s=99;Осветляющая пудра Малекула Colour Wave Про Блонд - формула идеального блонда. Гарантирует потрясающий результат: защита волоса в процессе работы и осветление от 7 до 9 уровней. 
MALECULA;;41929;Бальзам 41929 профес. для салонного применения Malecula Professional Balm Nourishin, 1000мл;Технические продукты;Технические бальзамы;46,10;;;https://encrypted-tbn0.gstatic.com/images?q=tbn:ANd9GcRq2rRSM_XJ4r_Tmp8zy-CjQhzoorwH_uh8b3ZdcxDYMw&s=100;Бальзам профессиональный для волос предназначен для салонного применения. Он увлажняет и питает волосы по всей длине, противостоит ломкости и сечению волос. Бальзам позволяет пролонгировать эффект после процедур окрашивания, выпрямления и восстановления волос. Бальзам для волос профессиональный сглаживает кутикулярный слой, придает сияние и облегчает расчесывание. Масла макадамии, хлопка и вишневой косточки глубоко питают, гиалуроновая кислота увлажняет, экстракт ромашки восстанавливает и защищает от повреждений.
MALECULA;;39195;Маска 39195 профессиональная стабилизатор цвета Colour Wave Малекула, 1000 мл;Технические продукты;Технические бальзамы;34,10;;;https://encrypted-tbn0.gstatic.com/images?q=tbn:ANd9GcRq2rRSM_XJ4r_Tmp8zy-CjQhzoorwH_uh8b3ZdcxDYMw&s=101;Профессиональная маска-стабилизатор цвета Malecula Post Colour является идеальным завершением процедуры окрашивания. Используйте вместе с шампунем-стабилизатором цвета Malecula Post Colour.
MALECULA;;250;Шампунь 250 технический глубокой очистки Малекула Colour Wave, 1000 мл;Технические продукты;Технические шампуни;32,60;;;https://encrypted-tbn0.gstatic.com/images?q=tbn:ANd9GcRq2rRSM_XJ4r_Tmp8zy-CjQhzoorwH_uh8b3ZdcxDYMw&s=102;"Шампунь для глубокой очистки интенсивно очищает волосы от загрязнений, эффективно удаляет продукты стайлинга и силикон, соли тяжелых металлов и хлор. Оптимально подготавливает волосы к процедурам химической завивки, окрашиванию или тонированию.
Не сушит волосы. Не рекомендуется для ежедневного применения."
MALECULA;;39194;Шампунь 39194 профессиональный стабилизатор цвета Colour Wave Малекула, 1000 мл;Технические продукты;Технические шампуни;32,60;;;https://encrypted-tbn0.gstatic.com/images?q=tbn:ANd9GcRq2rRSM_XJ4r_Tmp8zy-CjQhzoorwH_uh8b3ZdcxDYMw&s=103;Профессиональный шампунь-стабилизатор цвета Malecula Post Colour является идеальным завершением процедуры окрашивания. Используйте вместе с маской-стабилизатором цвета Malecula Post Colour.
MALECULA;;41928;Шампунь 41928 профес. для салонного примен. Malecula Professional Shampoo Nourishin, 1000мл;Технические продукты;Технические шампуни;50,70;;;https://encrypted-tbn0.gstatic.com/images?q=tbn:ANd9GcRq2rRSM_XJ4r_Tmp8zy-CjQhzoorwH_uh8b3ZdcxDYMw&s=104;Профессиональный шампунь для волос предназначен для работы в салоне. Он очищает и увлажняет волосы всех типов. Экстракт розмарина стимулирует рост волос, гидролизованный кератин увлажняет и разглаживает, коллаген укрепляет и придает блеск. Шампунь для волос профессиональный идеально подойдет для применения до и после процедур окрашивания. Не содержит сульфатов.
MALECULA;;5031;Набор 5031 для кератинового выпрямления Liquid Crystal Bixyplastia White (шампунь+состав), 2*1000мл;Реконструкция;Биксипластия;336,80;;;https://encrypted-tbn0.gstatic.com/images?q=tbn:ANd9GcRq2rRSM_XJ4r_Tmp8zy-CjQhzoorwH_uh8b3ZdcxDYMw&s=105;Уникальный комплекс кератинового выпрямления волос бережно восстанавливает сухие и поврежденные волосы. Набор кератинового восстановления волос выпрямляет, возвращает силу и здоровье безжизненным прядям, придает глянцевый блеск и увеличивает плотность волоса.  Liquid Crystal Bixyplastia White увлажняет и питает по всей длине, преображая с первого применения. Благодаря богатому витаминному комплексу в составе, обладает мощным тонизирующим эффектом.
MALECULA;;42842;Ботокс-концентрат 42842 Malecula Lovely BTX, 500мл;Реконструкция; Ботокс;216,00;;;https://encrypted-tbn0.gstatic.com/images?q=tbn:ANd9GcRq2rRSM_XJ4r_Tmp8zy-CjQhzoorwH_uh8b3ZdcxDYMw&s=106;"Маска-ботокс глубоко питает и разглаживает волосы любой степени повреждения. Активный состав обволакивает пряди, надолго сохраняя влагу и полезные компоненты внутри волоса. Масло моринги придает мягкость и блеск, пантенол обеспечивает увлажнение и защиту, протеины риса уплотняют структуру.
Подходит для применения в различных техниках:
До 5 степени повреждения – горячая техника;
Экстремально-поврежденные волосы – теплая/холодная техника;
Для питания и подчеркивания кудрей – холодная техника."
MALECULA;;300;Маска 300 реконстр. Malecula Botox Make Up 45 Crx Reconstructive Mask, шаг 2, 1000мл;Реконструкция; Ботокс;246,00;;;https://encrypted-tbn0.gstatic.com/images?q=tbn:ANd9GcRq2rRSM_XJ4r_Tmp8zy-CjQhzoorwH_uh8b3ZdcxDYMw&s=107;Реконструирующая маска-ботокс для волос без пигмента эффективно восстанавливает волосы любого типа и степени повреждения. Маска ботокс для волос профессиональная содержит гидролизованный кератин и натуральные экстракты ягод, ламинарии, кофейных зерен, масло купуасу. Идеально разглаживает, устраняет пушистость и непослушность волос, облегчает расчесывание.
MALECULA;;608;Маска 608 реконстр. Malecula Botox Make Up 45 Crx Reconstructive Mask, шаг 2, 500мл;Реконструкция; Ботокс;168,00;;;https://encrypted-tbn0.gstatic.com/images?q=tbn:ANd9GcRq2rRSM_XJ4r_Tmp8zy-CjQhzoorwH_uh8b3ZdcxDYMw&s=108;Реконструирующая маска-ботокс для волос без пигмента эффективно восстанавливает волосы любого типа и степени повреждения. Маска ботокс для волос профессиональная содержит гидролизованный кератин и натуральные экстракты ягод, ламинарии, кофейных зерен, масло купуасу. Идеально разглаживает, устраняет пушистость и непослушность волос, облегчает расчесывание.
MALECULA;;750;Набор 750 для ботокс-восстановления волос Malecula Botox Make Up 45 White (шампунь+маска), 2*500мл;Реконструкция; Ботокс;179,90;;;https://encrypted-tbn0.gstatic.com/images?q=tbn:ANd9GcRq2rRSM_XJ4r_Tmp8zy-CjQhzoorwH_uh8b3ZdcxDYMw&s=109;Уникальный набор ботокса для волос на основе натуральных масел и фруктовых экстрактов. Благодаря инновационному составу, включающему витамины, белки и аминокислоты, обладает мощным эффектом увлажнения, питает и восстанавливает волосы любого типа и степени повреждения. Состав для ботокса волос придает зеркальный блеск, усиливает яркость цвета. Ботокс для волос профессиональный обладает моментальным эффектом, который заметен уже после первого применения. После процедуры волосы становятся гладкими и шелковистыми, обретая упругость, силу и гибкость без эффекта утяжеления.
MALECULA;;604;Маска 604 завершающая Malecula Express Ionic Post Straightening Mask step3, 500мл;Реконструкция;Интенсивное выпрямление;68,10;;;https://encrypted-tbn0.gstatic.com/images?q=tbn:ANd9GcRq2rRSM_XJ4r_Tmp8zy-CjQhzoorwH_uh8b3ZdcxDYMw&s=110;"Завершающая маска для волос с гидролизованным кератином содержит коллаген, масло кофе, какао, экстракт ламинарии. Маска с кератином для волос глубоко питает и увлажняет волосы, придает мягкость и зеркальный блеск.
Завершающая маска после кератина может использоваться как универсальная финализирующая программа после процедур реконструкции и ухода."
MALECULA;;35766;Спрей 35766 шелковый кератиновый Malecula Express Ionic Silk Keratin Spray, 300 мл;Реконструкция;Интенсивное выпрямление;52,40;;;https://encrypted-tbn0.gstatic.com/images?q=tbn:ANd9GcRq2rRSM_XJ4r_Tmp8zy-CjQhzoorwH_uh8b3ZdcxDYMw&s=111;Несмываемый кератиновый спрей для волос для экстремального питания и блеска поврежденных прядей. Мгновенное ощущение легкости и шелковистости волос. Уже после первого применения волосы приобретают сияющий блеск, гладкость. Масла в составе интенсивно питают полотно волос, защищая его от сечения и повреждений. Кератин спрей обладает накопительным эффектом. Спрей для волос с кератином – идеальное решение для пролонгации эффекта реконструкции волос. Спрей кератин подходит для применения как на сухих, так и на влажных волосах, обладает термозащитным эффектом, не утяжеляет волосы.
MALECULA;;195;Нанопластика 195 для волос Малекула Неопластия Амино, 300 мл;Реконструкция;Нанопластика;107,40;;;https://encrypted-tbn0.gstatic.com/images?q=tbn:ANd9GcRq2rRSM_XJ4r_Tmp8zy-CjQhzoorwH_uh8b3ZdcxDYMw&s=112;Нанопластика разработана на основе аминокислотно-протеинового комплекса с глиоксиловой кислотой для выравнивания и уплотнения структуры волос. Формула сочетает протеины пшеницы и риса, карбоцистеин и аминокислоты, укрепляющие кортекс и повышающие эластичность полотна. Экстракты центеллы, ламинарии и фруктовые компоненты усиливают регенерацию и удержание влаги, а масло ши обеспечивает гладкость и защитный финиш. Стойкий результат — плотные, рассыпчатые, дисциплинированные волосы. Без едкого запаха, комфортна в работе. Не рекомендуется к использованию на осветленных и обесцвеченных волосах.
MALECULA;;36473;База 36473 1S+ восстанавл. аминокислотная Malecula Cortex Restoration System Amino Basic, 500мл;Реконструкция;Холодное восстановление;60,90;;;https://encrypted-tbn0.gstatic.com/images?q=tbn:ANd9GcRq2rRSM_XJ4r_Tmp8zy-CjQhzoorwH_uh8b3ZdcxDYMw&s=113;Восстанавливающая аминокислотная база для волос любого типа. Аминокислоты в составе проникают вглубь волоса, восстанавливая слои кортекса, увлажняя и укрепляя волос изнутри.  Аминокислотная база для волос подходит для применения как предварительная основа перед процедурами реконструкции и выпрямления волос, а также как 1 шаг в комплексах восстановления волос.
MALECULA;;36474;Маска 36474 2S+ обогащающая Malecula Cortex Restoration System Enrichment Mask, 500мл;Реконструкция;Холодное восстановление;49,30;;;https://encrypted-tbn0.gstatic.com/images?q=tbn:ANd9GcRq2rRSM_XJ4r_Tmp8zy-CjQhzoorwH_uh8b3ZdcxDYMw&s=114;Обогащающая маска восполняет гидролипидный баланс волоса, тем самым питая его, делая крепким, эластичным и сильным. Протеиновый состав проникает вглубь кортекса, восполняя пустоты в структуре, а масла позволяют насытить волосы полезными микроэлементами и создать защитную пленку для максимального запечатывания чешуек волоса. Протеиновая маска для волос подходит для холодного восстановления поврежденных, ломких и пористых волос, а также как дополнительный уход в сочетании с процедурами долговременного выпрямления и реконструкции волос.
MALECULA;;39894;Маска-активатор 39894 липидная Malecula Cortex First Aid, 150 мл;Реконструкция;Холодное восстановление;40,20;;;https://encrypted-tbn0.gstatic.com/images?q=tbn:ANd9GcRq2rRSM_XJ4r_Tmp8zy-CjQhzoorwH_uh8b3ZdcxDYMw&s=115;"Маска обеспечивает интенсивное восстановление липидного слоя волоса, насыщает кутикулу питательными и разглаживающими компонентами. Сухие, тусклые, пушащиеся пряди приобретают зеркальный блеск и шелковистость, становятся плотными и эластичными.
Позволяет минимизировать вред, нанесенный волосам различными процедурами. Подходит для применения до и после окрашивания и выпрямления. При регулярном использовании обладает накопительным эффектом.
Она часто является частью профессионального комплекса для реконструкции волос."
MALECULA;;36475;Мембрана 36475 S3+ несмываемая Malecula Cortex Restoration System Leave In Membrane, 500мл;Реконструкция;Холодное восстановление;71,40;;;https://encrypted-tbn0.gstatic.com/images?q=tbn:ANd9GcRq2rRSM_XJ4r_Tmp8zy-CjQhzoorwH_uh8b3ZdcxDYMw&s=116;"Несмываемая мембрана для волос — это жидкий комплекс питательных гидролизованных элементов, усиливающий и закрепляющий эффект восстанавливающих масок, обволакивающий волосы защитным слоем.
Маска для волос делает их в 3 раза пластичнее, придает гладкость и блеск. Она продлевает эффект процедур холодного восстановления, облегчает расчесывание и предотвращает сухость и ломкость волос.
Состав гидролизованных компонентов легко проникает вглубь волоса, позволяя без использования горячих техник закрепить результат восстановления волос."
MALECULA;;588;Спрей 588 термозащита 12 в 1 Малекула Кортекс Гидробарьер, 200 мл;Реконструкция;Холодное восстановление;33,50;;;https://encrypted-tbn0.gstatic.com/images?q=tbn:ANd9GcRq2rRSM_XJ4r_Tmp8zy-CjQhzoorwH_uh8b3ZdcxDYMw&s=117;"Термозащита для волос защищает от повреждений при всех видах горячей укладки, укрепляет структуру и увеличивает плотность прядей.
Термозащита для волос профессиональная обладает антистатическим и увлажняющим эффектом, не склеивает и не утяжеляет волосы. За счет гидролизованного кератина в составе термозащитный спрей придает здоровый блеск и мягкость, воссоздает естественный защитный слой и обеспечивает сохранение цвета."
MALECULA;;41732;Крем 41732 для рук и тела La Parf Chromatica Lab Amber Moss, 250 мл;Уход;Парфюмированная линия;30,40;;;https://encrypted-tbn0.gstatic.com/images?q=tbn:ANd9GcRq2rRSM_XJ4r_Tmp8zy-CjQhzoorwH_uh8b3ZdcxDYMw&s=118;"Свежии? аромат с травянисто-древесными нотами мха и леса дополняется комбинациеи? базилика, розмарина, красного яблока и лимона. Тропические ноты добавляют нежность, а сандал придает едва заметную сладость.
Парфюмированный крем для рук и тела с приятным ароматом и эффектом легкого сияния. Парфюмированный крем для тела питает, увлажняет и смягчает кожу, поддерживает  ее гидролипидный баланс и эластичность. Благодаря легкой формуле быстро впитывается, не оставляя ощущение пленки на коже.
Крем парфюмированный обогащен витамином Е, гелем алоэ, мочевиной, кокосовым маслом и стеариновой кислотой."
MALECULA;;41734;Крем 41734 для рук и тела La Parf Chromatica Lab Cannabis, 250 мл;Уход;Парфюмированная линия;30,40;;;https://encrypted-tbn0.gstatic.com/images?q=tbn:ANd9GcRq2rRSM_XJ4r_Tmp8zy-CjQhzoorwH_uh8b3ZdcxDYMw&s=119;"Провокационныи? аромат с яркими нотами каннабиса, черного перца и помело. В сердце композиции травяные, смолистые ноты конопли. Послевкусие освежает теплыи? древесныи? ветивер.
Парфюмированный крем для рук и тела с приятным ароматом и эффектом легкого сияния. Парфюмированный крем для тела питает, увлажняет и смягчает кожу, поддерживает  ее гидролипидный баланс и эластичность. Благодаря легкой формуле быстро впитывается, не оставляя ощущение пленки на коже.
Крем парфюмированный обогащен витамином Е, гелем алоэ, мочевиной, кокосовым маслом и стеариновой кислотой."
MALECULA;;41735;Крем 41735 для рук и тела La Parf Chromatica Lab Forest Woody, 250 мл;Уход;Парфюмированная линия;30,40;;;https://encrypted-tbn0.gstatic.com/images?q=tbn:ANd9GcRq2rRSM_XJ4r_Tmp8zy-CjQhzoorwH_uh8b3ZdcxDYMw&s=120;"Легкий крем с ароматом весеннего леса. Яркая зелёная свежесть сливается с цитрусовым миксом и мягкими нотами сандала, корицы, кориандра и серой амбры.
Парфюмированный крем для рук и тела с приятным ароматом и эффектом легкого сияния. Парфюмированный крем для тела питает, увлажняет и смягчает кожу, поддерживает  ее гидролипидный баланс и эластичность. Благодаря легкой формуле быстро впитывается, не оставляя ощущение пленки на коже.
Крем парфюмированный обогащен витамином Е, гелем алоэ, мочевиной, кокосовым маслом и стеариновой кислотой."
MALECULA;;41736;Крем 41736 для рук и тела La Parf Chromatica Lab H2O, 250 мл;Уход;Парфюмированная линия;30,40;;;https://encrypted-tbn0.gstatic.com/images?q=tbn:ANd9GcRq2rRSM_XJ4r_Tmp8zy-CjQhzoorwH_uh8b3ZdcxDYMw&s=121;"Свежии? аромат весеннего утра с нотами ландыша и фиалки, приправленныи? яркостью мандарина и фруктовои? нотои? папаи?и. Бергамот и зеленыи? чаи? добавляют прохладную кислинку.
Парфюмированный крем для рук и тела с приятным ароматом и эффектом легкого сияния. Парфюмированный крем для тела питает, увлажняет и смягчает кожу, поддерживает ее гидролипидный баланс и эластичность. Благодаря легкой формуле быстро впитывается, не оставляя ощущение пленки на коже.
Крем парфюмированный обогащен витамином Е, гелем алоэ, мочевиной, кокосовым маслом и стеариновой кислотой."
MALECULA;;41738;Крем 41738 для рук и тела La Parf Chromatica Lab Persea Verde, 250 мл;Уход;Парфюмированная линия;30,40;;;https://encrypted-tbn0.gstatic.com/images?q=tbn:ANd9GcRq2rRSM_XJ4r_Tmp8zy-CjQhzoorwH_uh8b3ZdcxDYMw&s=122;"Необычный и запоминающийся аромат с запахом свежескошенной травы, дополненный композицией из авокадо и ванили. Дополняет аромат финальный аккорд из теплого аромата сандалового дерева и меда.
Парфюмированный крем для рук и тела с приятным ароматом и эффектом легкого сияния. Парфюмированный крем для тела питает, увлажняет и смягчает кожу, поддерживает  ее гидролипидный баланс и эластичность. Благодаря легкой формуле быстро впитывается, не оставляя ощущение пленки на коже.
Крем парфюмированный обогащен витамином Е, гелем алоэ, мочевиной, кокосовым маслом и стеариновой кислотой."
MALECULA;;41739;Крем 41739 для рук и тела La Parf Chromatica Lab Silk, 250 мл;Уход;Парфюмированная линия;30,40;;;https://encrypted-tbn0.gstatic.com/images?q=tbn:ANd9GcRq2rRSM_XJ4r_Tmp8zy-CjQhzoorwH_uh8b3ZdcxDYMw&s=123;"Коктеи?ль сладости и терпкости: теплые ноты бергамота, ветивера и пионов переплетаются с пикантнои? остротои? черного перца и пряным ароматом свежемолотого кардамона.
Парфюмированный крем для рук и тела увлажняет, смягчает и питает кожу, придавая ей легкое сияние. Благодаря легкой формуле быстро впитывается, не оставляя ощущение липкости.
Крем парфюмированный обогащен витамином Е, гелем алоэ, мочевиной, кокосовым маслом и стеариновой кислотой."
MALECULA;;41741;Крем 41741 для рук и тела La Parf Chromatica Lab Summer Garden, 250 мл;Уход;Парфюмированная линия;30,40;;;https://encrypted-tbn0.gstatic.com/images?q=tbn:ANd9GcRq2rRSM_XJ4r_Tmp8zy-CjQhzoorwH_uh8b3ZdcxDYMw&s=124;"Аромат ягодного лета и бабушкиного сада. Знакомыи? запах душистого листа чернои? смородины дополняется нотами спелои? ежевики и терпкого греи?пфрута с финальными нотками жасмина и кедра.
Парфюмированный крем для рук и тела с приятным ароматом и эффектом легкого сияния. Парфюмированный крем для тела питает, увлажняет и смягчает кожу, поддерживает ее гидролипидный баланс и эластичность. Благодаря легкой формуле быстро впитывается, не оставляя ощущение пленки на коже.
Крем парфюмированный обогащен витамином Е, гелем алоэ, мочевиной, кокосовым маслом и стеариновой кислотой."
MALECULA;;41742;Крем 41742 для рук и тела La Parf Chromatica Lab Tobacco Vanilla, 250 мл;Уход;Парфюмированная линия;30,40;;;https://encrypted-tbn0.gstatic.com/images?q=tbn:ANd9GcRq2rRSM_XJ4r_Tmp8zy-CjQhzoorwH_uh8b3ZdcxDYMw&s=125;"Классический аромат в новой интерпретации: тимьян, бадьян, корица и гвоздика сочетаются с насыщенными древесными нотами кедра и смолы.
Парфюмированный крем для рук и тела с приятным ароматом и эффектом легкого сияния. Парфюмированный крем для тела питает, увлажняет и смягчает кожу, поддерживает ее гидролипидный баланс и эластичность. Благодаря легкой формуле быстро впитывается, не оставляя ощущение пленки на коже.
Крем парфюмированный обогащен витамином Е, гелем алоэ, мочевиной, кокосовым маслом и стеариновой кислотой."
MALECULA;;39897;Спрей 39897 парфюмированный Chromatica Lab Silk, 100 мл;Уход;Парфюмированная линия;28,00;;;https://encrypted-tbn0.gstatic.com/images?q=tbn:ANd9GcRq2rRSM_XJ4r_Tmp8zy-CjQhzoorwH_uh8b3ZdcxDYMw&s=126;"Коктеи?ль сладости и терпкости: теплые ноты бергамота, ветивера и пионов переплетаются с пикантнои? остротои? черного перца и пряным ароматом свежемолотого кардамона.
Парфюмированный спрей для тела и волос придает тонкий шлейфовый аромат, не утяжеляя и не оставляя ощущения липкости. Спрей для волос парфюмированный оказывает увлажняющее и укрепляющее воздействие, обладает антистатическим и смягчающим эффектом. Парфюмированные спреи создают невесомый защитный слой, предотвращающий ломкость и сечение, облегчают расчесывание.
В состав спрея для волос парфюмированного входят масло персика, экстракты спирулины лайма, молочная кислота, увлажняющий комплекс LACTILGLUTAMMATO, касторовое масло."
MALECULA;;39899;Спрей 39899 парфюмированный Chromatica Lab Forest Woody, 100 мл;Уход;Парфюмированная линия;28,00;;;https://encrypted-tbn0.gstatic.com/images?q=tbn:ANd9GcRq2rRSM_XJ4r_Tmp8zy-CjQhzoorwH_uh8b3ZdcxDYMw&s=127;"Парфюмированный спрей для тела со свежим ароматом леса. Яркая зеленая свежесть сливается с цитрусовым миксом и мягкими нотами сандала. Аромат дополняется корицей и серой амброй.
Парфюмированный спрей для тела и волос придает тонкий шлейфовый аромат, не утяжеляя и не оставляя ощущения липкости. Спрей для волос парфюмированный оказывает увлажняющее и укрепляющее воздействие, обладает антистатическим и смягчающим эффектом. Парфюмированные спреи создают невесомый защитный слой, предотвращающий ломкость и сечение, облегчают расчесывание.
В состав спрея для волос парфюмированного входят масло персика, экстракты спирулины лайма, молочная кислота, увлажняющий комплекс LACTILGLUTAMMATO, касторовое масло."
MALECULA;;39900;Спрей 39900 парфюмированный Chromatica Lab Persea Verde, 100 мл;Уход;Парфюмированная линия;28,00;;;https://encrypted-tbn0.gstatic.com/images?q=tbn:ANd9GcRq2rRSM_XJ4r_Tmp8zy-CjQhzoorwH_uh8b3ZdcxDYMw&s=128;"Необычный и запоминающийся аромат с запахом свежескошенной травы, дополненный композицией из авокадо и ванили. Дополняет аромат финальный аккорд из теплого аромата сандалового дерева и меда.
Парфюмированный спрей для тела и волос придает тонкий шлейфовый аромат, не утяжеляя и не оставляя ощущения липкости. Спрей для волос парфюмированный оказывает увлажняющее и укрепляющее воздействие, обладает антистатическим и смягчающим эффектом. Парфюмированные спреи создают невесомый защитный слой, предотвращающий ломкость и сечение, облегчают расчесывание.
В состав спрея для волос парфюмированного входят масло персика, экстракты спирулины лайма, молочная кислота, увлажняющий комплекс LACTILGLUTAMMATO, касторовое масло."
MALECULA;;41624;Спрей 41624 парфюмированный Chromatica Lab Amber Moss, 100 мл;Уход;Парфюмированная линия;28,00;;;https://encrypted-tbn0.gstatic.com/images?q=tbn:ANd9GcRq2rRSM_XJ4r_Tmp8zy-CjQhzoorwH_uh8b3ZdcxDYMw&s=129;"Свежий зеленый аромат с травянисто-древесными нотами мха и леса. Он дополняется комбинацией базилика, розмарина, красного яблока и кислинкой лимона. Тропические ноты добавляют нежность, а сандал придает едва заметную сладость.
Парфюмированный спрей для тела и волос придает тонкий шлейфовый аромат, не утяжеляя и не оставляя ощущения липкости. Спрей для волос парфюмированный оказывает увлажняющее и укрепляющее воздействие, обладает антистатическим и смягчающим эффектом. Парфюмированные спреи создают невесомый защитный слой, предотвращающий ломкость и сечение, облегчают расчесывание.
В состав спрея для волос парфюмированного входят масло персика, экстракты спирулины лайма, молочная кислота, увлажняющий комплекс LACTILGLUTAMMATO, касторовое масло."
MALECULA;;41625;Спрей 41625 парфюмированный Chromatica Lab H2O, 100 мл;Уход;Парфюмированная линия;28,00;;;https://encrypted-tbn0.gstatic.com/images?q=tbn:ANd9GcRq2rRSM_XJ4r_Tmp8zy-CjQhzoorwH_uh8b3ZdcxDYMw&s=130;"Свежий аромат весеннего утра с нотами ландыша и фиалки, приправленный фруктовыми нотами мандарина и папайи. Бергамот и зеленый чай добавляют прохладную кислинку.
Парфюмированный спрей для тела и волос придает тонкий шлейфовый аромат, не утяжеляя и не оставляя ощущения липкости. Спрей для волос парфюмированный оказывает увлажняющее и укрепляющее воздействие, обладает антистатическим и смягчающим эффектом. Парфюмированные спреи создают невесомый защитный слой, предотвращающий ломкость и сечение, облегчают расчесывание.
В состав спрея для волос парфюмированного входят масло персика, экстракты спирулины лайма, молочная кислота, увлажняющий комплекс LACTILGLUTAMMATO, касторовое масло."
MALECULA;;41626;Спрей 41626 парфюмированный Chromatica Lab Cannabis, 100 мл;Уход;Парфюмированная линия;28,00;;;https://encrypted-tbn0.gstatic.com/images?q=tbn:ANd9GcRq2rRSM_XJ4r_Tmp8zy-CjQhzoorwH_uh8b3ZdcxDYMw&s=131;"Провокационныи? аромат с яркими нотами каннабиса, черного перца и помело. В сердце композиции травяные, смолистые ноты конопли. Послевкусие освежает теплыи? древесныи? ветивер.
Парфюмированный спрей для тела и волос придает тонкий шлейфовый аромат, не утяжеляя и не оставляя ощущения липкости. Спрей для волос парфюмированный оказывает увлажняющее и укрепляющее воздействие, обладает антистатическим и смягчающим эффектом. Парфюмированные спреи создают невесомый защитный слой, предотвращающий ломкость и сечение, облегчают расчесывание.
В состав спрея для волос парфюмированного входят масло персика, экстракты спирулины лайма, молочная кислота, увлажняющий комплекс LACTILGLUTAMMATO, касторовое масло."
MALECULA;;41627;Спрей 41627 парфюмированный Chromatica Lab Bloom Neroli, 100 мл;Уход;Парфюмированная линия;28,00;;;https://encrypted-tbn0.gstatic.com/images?q=tbn:ANd9GcRq2rRSM_XJ4r_Tmp8zy-CjQhzoorwH_uh8b3ZdcxDYMw&s=132;"Аромат погружает в чарующую сказку востока: окутывает сладостью, согревает нотами апельсиновои? цедры, нероли и сандала. Шлейф из белого мускуса и амбры, напоминает о теплых южных вечерах.
Парфюмированный спрей для тела и волос придает тонкий шлейфовый аромат, не утяжеляя и не оставляя ощущения липкости. Спрей для волос парфюмированный оказывает увлажняющее и укрепляющее воздействие, обладает антистатическим и смягчающим эффектом. Парфюмированные спреи создают невесомый защитный слой, предотвращающий ломкость и сечение, облегчают расчесывание.
В состав спрея для волос парфюмированного входят масло персика, экстракты спирулины лайма, молочная кислота, увлажняющий комплекс LACTILGLUTAMMATO, касторовое масло."
MALECULA;;587;Бальзам 587 для окрашенных волос Malecula Colour Wave, 300 мл;Уход;Бальзамы;28,10;;;https://encrypted-tbn0.gstatic.com/images?q=tbn:ANd9GcRq2rRSM_XJ4r_Tmp8zy-CjQhzoorwH_uh8b3ZdcxDYMw&s=133;"Профессиональный бальзам для окрашенных волос с комплексом из масла абрикосовой косточки и гидролизированного коллагена увлажняет и восстанавливает поврежденные волосы после процедур окрашивания и других химических воздействий.
Бальзам для окрашенных волос разглаживает структуру волоса, облегчает расчесывание. Подходит для применения после процедур восстановления, выпрямления волос, химической завивки. Для профессионального и домашнего использования."
MALECULA;;35783;Маска 35783 для восстановления и укрепления волос SOS Your Hair, 500 мл;Уход;Маски;75,10;;;https://encrypted-tbn0.gstatic.com/images?q=tbn:ANd9GcRq2rRSM_XJ4r_Tmp8zy-CjQhzoorwH_uh8b3ZdcxDYMw&s=134;"Маска для восстановления волос с уплотняющим эффектом и защитой от повреждений. Рекомендуется использовать 2 раза в неделю, усиливать эффект термошапкой. Для домашнего и профессионального использования, можно применять в качестве завершающей маски после процедур реконструкции.
SOS-маска восстанавливает гидробаланс волос и запаивает сухие и секущиеся концы. Масло ши интенсивно питает и делает полотно волос гладким и блестящим сразу после применения. Коллаген поддерживает необходимый уровень увлажнения волос, защищает от негативных термических воздействий."
MALECULA;;35951;Маска 35951 увлажняющая для волос Malecula Hydro SOS Max, 500 мл;Уход;Маски;73,30;;;https://encrypted-tbn0.gstatic.com/images?q=tbn:ANd9GcRq2rRSM_XJ4r_Tmp8zy-CjQhzoorwH_uh8b3ZdcxDYMw&s=135;"Увлажняющая маска для гидро-восстановления волос. Заметное преображение уже после первого применения!
Маска для волос интенсивно увлажняет волосы, укрепляет их и запаивает кутикулу. Компоненты маски заполняют пустоты в ломких, поврежденных и пористых волосах. Заметные блеск, гладкость, шелковистость и сила волос сразу после первого применения. 
В состав маски входит восстанавливающий комплекс из масла ши, коллагена и витамина F. Уже после первого применения волосы становятся напитанными, гладкими и блестящими. Гидролизованный соевый протеин поддерживает необходимый в городской среде уровень увлажнения волос, защищает от негативных термических воздействий."
MALECULA;;43271;Масло 43271 для волос Malecula Miracle Finishing Oil, 30 мл;Уход;Масла;25,60;;;https://encrypted-tbn0.gstatic.com/images?q=tbn:ANd9GcRq2rRSM_XJ4r_Tmp8zy-CjQhzoorwH_uh8b3ZdcxDYMw&s=136;"Malecula Miracle Finishing Oil — профессиональное восстанавливающее масло для волос на основе премиальных бразильских компонентов и усиленной формулы. Оно действует в 4 раза эффективнее аналогов, и результат заметен уже после первого применения — волосы преображаются!
Средство глубоко питает, увлажняет, восстанавливает и укрепляет волосы, особенно кончики. Придаёт блеск, мягкость, уменьшает ломкость и сечение, уплотняет структуру и стимулирует рост. Без липкости, жирности и утяжеления — только здоровый, сияющий вид.
Масло обладает изысканным, стойким ароматом с нотами бергамота, лайма, можжевельника, жасмина, ириса и розового перца. Это не просто уход, а настоящий парфюм для волос.
Формула с маслами арганы, календулы, шиповника и сладкого миндаля работает как мощный эликсир: восстанавливает повреждения, укрепляет структуру и помогает отрастить длину. Подходит для ежедневного применения и завершения профессиональных процедур (окрашивание, кератин, ботокс). Используется как на влажные, так и на сухие волосы.
Благодаря концентрированной текстуре всего несколько капель достаточно, чтобы придать волосам ухоженный и сияющий вид. Универсальное средство для тех, кто выбирает не просто масло, а эффективный и ароматный уход без компромиссов."
MALECULA;;43272;Масло 43272 для волос восстанавливающее Malecula Lovely Hair Repair Oil, 30 мл;Уход;Масла;25,60;;;https://encrypted-tbn0.gstatic.com/images?q=tbn:ANd9GcRq2rRSM_XJ4r_Tmp8zy-CjQhzoorwH_uh8b3ZdcxDYMw&s=137;Питательное масло с ярким ароматом спелой вишни дарит мягкость и глянцевый блеск, укрепляет и восстанавливает даже самые поврежденные волосы. Защитный комплекс разглаживает кутикулярный слой, помогает бороться с секущимися кончиками и препятствует ломкости по всей длине.
MALECULA;;37005;Шампунь 37005 увлажняющий Malecula Woman's Beauty Lift, 1000 мл;Уход;Шампуни;48,50;;;https://encrypted-tbn0.gstatic.com/images?q=tbn:ANd9GcRq2rRSM_XJ4r_Tmp8zy-CjQhzoorwH_uh8b3ZdcxDYMw&s=138;Истинная красота волос с шампунем Woman's beauty lift. Бережное очищение кожи головы благодаря минимальному содержанию сульфатов в составе позволяет продлить стойкость цвета, увлажнить волосы и защитить их от сухости в холодный сезон.
MALECULA;;37006;Шампунь 37006 мужской Malecula Man's Power+, 1000 мл;Уход;Шампуни;48,50;;;https://encrypted-tbn0.gstatic.com/images?q=tbn:ANd9GcRq2rRSM_XJ4r_Tmp8zy-CjQhzoorwH_uh8b3ZdcxDYMw&s=139;Мужской освежающий гель-шампунь 2 в 1 для волос любого типа. Бережное очищение без раздражения и сухости. Подходит для ежедневного применения.
MALECULA;;42040;Шампунь 42040 универсальный увлажняющий Malecula Hydro SOS Max, 300 мл;Уход;Шампуни;26,30;;;https://encrypted-tbn0.gstatic.com/images?q=tbn:ANd9GcRq2rRSM_XJ4r_Tmp8zy-CjQhzoorwH_uh8b3ZdcxDYMw&s=140;"Шампунь для интенсивного увлажнения и бережного очищения. Идеален для сухих, повреждённых, тонких, пушистых волос. Придаёт гладкость и мягкость, помогает бороться с истончением и ломкостью. Содержит
гидролизованный коллаген, гиалуроновую кислоту и экстракт водорослей. Подходит для применения после процедур выпрямления, окрашивания и восстановления."
MALECULA;;586;Шампунь 586 для окрашенных волос Malecula Colour Wave, 300 мл;Уход;Шампуни;26,30;;;https://encrypted-tbn0.gstatic.com/images?q=tbn:ANd9GcRq2rRSM_XJ4r_Tmp8zy-CjQhzoorwH_uh8b3ZdcxDYMw&s=141;"Шампунь для окрашенных волос мягко очищает кожу головы. Формула с экстрактом розмарина, аргинином, гликолевой кислотой восстанавливает и увлажняет волосы, сохраняет цвет окрашенных волос.
Волосы приобретают естественную мягкость и эластичность. Шампунь для окрашенных волос профессиональный подходит для применения после процедур восстановления, выпрямления, химической завивки. Для профессионального и домашнего использования."
MALECULA;;35378;Бальзам 35378 разглаживающий Paul Oscar Soft Liss Smooth and Silky, 500мл;Уход и реконструкция;Бальзамы;70,20;;;https://encrypted-tbn0.gstatic.com/images?q=tbn:ANd9GcRq2rRSM_XJ4r_Tmp8zy-CjQhzoorwH_uh8b3ZdcxDYMw&s=142;Бальзам Soft Liss питает и распрямляет волосы, делает их послушными и шелковистыми. Кондиционирующие компоненты приглаживают кутикулу волоса, оказывая anti-frizz эффект. Гидролизованный коллаген укрепляет структуру и придает упругость. Масло сладкого миндаля улучшает состояние сухих, обезвоженных волос, усиливает естественное сияние. Бальзам обеспечивает легкое расчесывание и идеально подходит для пролонгации эффекта процедур выпрямления и восстановления волос. Используйте вместе с разглаживающим шампунем Soft Liss Smooth and Silky Paul Oscar.
MALECULA;;39210;Бальзам 39210 для создания объема Paul Oscar Volume Up Boost and Density, 500мл;Уход и реконструкция;Бальзамы;70,20;;;https://encrypted-tbn0.gstatic.com/images?q=tbn:ANd9GcRq2rRSM_XJ4r_Tmp8zy-CjQhzoorwH_uh8b3ZdcxDYMw&s=143;Бальзам для объема волос Volume Up укрепляет и увлажняет волосы без утяжеления. Они становятся объемными у корней и гладкими по длине. Аминокислоты в бальзаме для придания объема волосам придают мягкость и увлажняют, не утяжеляя даже жирные волосы. Протеины пшеницы заполняют пустоты в структуре волоса, визуально увеличивая объем и густоту. Используйте вместе с шампунем для создания объема Volume Up Boost and Density Paul Oscar.
MALECULA;;40626;Маска 40626 интенс. реконструктор Botox Sapphire Regeneration & Reconstruction Mask White, 500мл;Уход и реконструкция;Маски;234,20;;;https://encrypted-tbn0.gstatic.com/images?q=tbn:ANd9GcRq2rRSM_XJ4r_Tmp8zy-CjQhzoorwH_uh8b3ZdcxDYMw&s=144;Маска-реконструктор для ботокса волос содержит комплекс мощных восстанавливающих ингредиентов. Стволовые клетки винограда, гидролизованный кератин и протеины пшеницы позволяют эффективно восстановить все типы волос. Маска ботокс имеет эффект долговременной укладки, эффективно борется с пушистостью волос и дисциплинирует их.
MALECULA;;41801;Маска 41801 заверш. с пантенолом Healthy Mask Panthenol Aqua Superfood B-12 Paul Oscar, 500мл;Уход и реконструкция;Маски;77,80;;;https://encrypted-tbn0.gstatic.com/images?q=tbn:ANd9GcRq2rRSM_XJ4r_Tmp8zy-CjQhzoorwH_uh8b3ZdcxDYMw&s=145;"Завершающая маска для волос Пантенол Аква Суперфуд В-12 Paul Oscar – это средство для домашнего и профессионального ухода за волосами.Маска на основе пантенола интенсивно увлажняет и уплотняет волосы, глубоко питает и восстанавливает изнутри. Аминокислоты укрепляют, протеин увеличивает визуальную густоту, а пантенол создает защитный барьер.
Маска закрывает кутикулу волос, удерживая влагу и полезные вещества, придает волосам здоровый блеск и гладкость. Продукт подойдет профессионалам для завершения процедур выпрямления и восстановления, а также всем, кто ищет качественный домашний уход."
MALECULA;;715;Маска-гель 715 реконструирующая коллагеновая Cryoplastia Collagen Jelly Mask Paul Oscar, 500мл;Уход и реконструкция;Маски;68,40;;;https://encrypted-tbn0.gstatic.com/images?q=tbn:ANd9GcRq2rRSM_XJ4r_Tmp8zy-CjQhzoorwH_uh8b3ZdcxDYMw&s=146;Восстанавливающая маска для волос обеспечивает целостность структуры и насыщает волосы питательными веществами, делая их гибкими, эластичными и упругими. Восстанавливает, увлажняет и придает блеск. Увлажняющая маска для волос содержит гидролизованный коллаген и кератин, масло арганы, благодаря которым волосы легко поддаются укладке и остаются мягкими и послушными в течение длительного времени.
MALECULA;;41611;Маска-подложка 41611 протеиновая Next Evolution Superfood B-12 Paul Oscar, 500мл;Уход и реконструкция;Маски;54,10;;;https://encrypted-tbn0.gstatic.com/images?q=tbn:ANd9GcRq2rRSM_XJ4r_Tmp8zy-CjQhzoorwH_uh8b3ZdcxDYMw&s=147;Протеиновая маска-подложка Эволюция Ухода 3 ступень Суперфуд В-12 Paul Oscar. Восстанавливающая маска для волос предназначена для усиленного питания и защиты поврежденных, сухих ломких волос. Протеины пшеницы укрепляют структуру и способствуют удержанию влаги внутри волоса. Гидролизованный шелк увлажняет и разглаживает, коллаген придает блеск и мягкость.
MALECULA;;41844;Набор 41844 холодного ухода Paul Oscar Superfood B-12 (Пилинг+шампунь+восстан. крем+2 маски);Уход и реконструкция;Набор;276,00;;;https://encrypted-tbn0.gstatic.com/images?q=tbn:ANd9GcRq2rRSM_XJ4r_Tmp8zy-CjQhzoorwH_uh8b3ZdcxDYMw&s=148;"Профессиональный набор по уходу за волосами, который включает в себя продукты для эффективного ухода.
1. Пилинг для кожи головы Prebiotic Detox с комплексом AHA и BHA кислот обеспечивает глубокое очищение и отшелушивание мертвых клеток.
2. Шампунь-праймер глубокой очистки Гидро Очищение 1 ступень Суперфуд В-12 Paul Oscar интенсивно очищает кожу головы и волосы от загрязнений и продуктов стайлинга, подготавливает к процедуре восстановления.
3. Протеиновая маска-подложка Эволюция Ухода 3 ступень Суперфуд В-12 Paul Oscar интенсивно питает и защищает поврежденные, сухие и ломкие волосы. Протеины пшеницы укрепляют структуру и способствуют удержанию влаги внутри волоса. Гидролизованный шелк увлажняет и разглаживает, коллаген придает блеск и мягкость.
4. Восстанавливающий крем для волос Аминоплекс Витамин 2 ступень Суперфуд В-12 Paul Oscar гарантирует интенсивное увлажнение и восстановление волос после агрессивных химических процедур и негативного воздействия окружающей среды. Цистеин способствует регенерации и укреплению, биотин повышает плотность прядей,  экстракт папайи усиливает блеск и мягкость.
5. Завершающая маска для волос Пантенол Аква Суперфуд В-12 Paul Oscar  интенсивно увлажняет и уплотняет волосы, глубоко питает и восстанавливает изнутри. Аминокислоты укрепляют, протеин увеличивает визуальную густоту, а пантенол создает защитный барьер."
MALECULA;;36012;Клей-эликсир 36012 Charme Paul Oscar, 30 мл;Уход и реконструкция;Paul Oscar Спреи, масла;26,90;;;https://encrypted-tbn0.gstatic.com/images?q=tbn:ANd9GcRq2rRSM_XJ4r_Tmp8zy-CjQhzoorwH_uh8b3ZdcxDYMw&s=149;Эликсир Шарм для волос обогащен комплексом из трех масел. Он помогает восстановить и предотвратить ломкость, электризацию и сечение волос. Спрей-эликсир для волос уже после первого применения делает волосы заметно более гладкими и блестящими. Масло для восстановления волос запаивает поврежденные кончики, они выглядят в 3 раза более восстановленными и напитанными. Эликсир обладает накопительным эффектом. Ваши локоны преобразятся, станут мягкими, шелковистыми, приобретут зеркальный блеск и сияние. Масло для кончиков волос окутывает ароматом сочной вишни, не склеивает, не утяжеляет и не оставляет жирные следы.
MALECULA;;41610;Крем 41610 восстанавливающий для волос Aminoplex Vitamin Superfood B-12 Paul Oscar, 500мл;Уход и реконструкция;Paul Oscar Спреи, масла;59,60;;;https://encrypted-tbn0.gstatic.com/images?q=tbn:ANd9GcRq2rRSM_XJ4r_Tmp8zy-CjQhzoorwH_uh8b3ZdcxDYMw&s=150;Восстанавливающий крем для волос  Аминоплекс Витамин 2 ступень Суперфуд В-12 Paul Oscar гарантирует интенсивное увлажнение и восстановление волос после агрессивных химических процедур и негативного воздействия окружающей среды. Цистеин способствует регенерации и укреплению, биотин повышает плотность прядей,  экстракт папайи усиливает блеск и мягкость.
MALECULA;;41608;Пилинг 41608 для кожи головы Prebiotic Detox Superfood B-12, 200 мл;Уход и реконструкция;Paul Oscar Спреи, масла;34,80;;;https://encrypted-tbn0.gstatic.com/images?q=tbn:ANd9GcRq2rRSM_XJ4r_Tmp8zy-CjQhzoorwH_uh8b3ZdcxDYMw&s=151;Пилинг для волос и кожи головы с комплексом AHA и BHA кислот обеспечивает глубокое очищение и отшелушивание мертвых клеток, профилактику появления перхоти и снижение выработки себума.
MALECULA;;39732;Спрей 39732 термозащитный для волос 12 в 1 Anti-heat Protection Paul Oscar, 200 мл;Уход и реконструкция;Paul Oscar Спреи, масла;28,70;;;https://encrypted-tbn0.gstatic.com/images?q=tbn:ANd9GcRq2rRSM_XJ4r_Tmp8zy-CjQhzoorwH_uh8b3ZdcxDYMw&s=152;"Спрей для укладки волос — многофункциональное средство, которое эффективно защищает волосы от повреждений при всех видах горячей укладки. Термозащитный спрей для волос  борется с пушащимися прядями, сечением на концах и ломкостью.
Гидролизованные протеины пшеницы укрепляют и уплотняют структуру волоса, они становятся гладкими и мягкими. Легкий спрей термозащита для волос с экстрактом бамбука увлажняет по всей длине и придает здоровый блеск, пантенол гарантирует защиту цвета и стойкость укладки."
MALECULA;;39518;Филлер 39518 липидный Silkiss Express Treatment Paul Oscar, 200мл;Уход и реконструкция;Paul Oscar Спреи, масла;72,00;;;https://encrypted-tbn0.gstatic.com/images?q=tbn:ANd9GcRq2rRSM_XJ4r_Tmp8zy-CjQhzoorwH_uh8b3ZdcxDYMw&s=153;"Филлер моментального действия восполняет недостаток липидов в структуре волоса. Он интенсивно питает, увлажняет и разглаживает сухие, истонченные и пористые пряди, восстанавливает защитный слой волоса.
Масло авокадо восстанавливает, увлажняет и защищает волосы. Церамиды поддерживают естественный уровень увлажнения в их структуре, хитозан обладает антистатическим действием. Экстракт гамамелиса увлажняет и придает гладкость. Гидролизованный коллаген придает волосам объем, блеск и эластичность. Идеально подходит для поврежденных, окрашенных и пористых волос.
Маска для волос идеальна в качестве подложки перед кератиновым выпрямлением и ботоксом. Ее можно применять до и после окрашивания, а также как самостоятельный компонент ухода. Филлер для волос обладает накопительным восстанавливающим эффектом."
MALECULA;;35373;Шампунь 35373 разглаживающий Paul Oscar Soft Liss Smooth and Silky, 500мл;Уход и реконструкция;Paul Oscar Шампуни;54,90;;;https://encrypted-tbn0.gstatic.com/images?q=tbn:ANd9GcRq2rRSM_XJ4r_Tmp8zy-CjQhzoorwH_uh8b3ZdcxDYMw&s=154;Шампунь разглаживающий Soft Liss эффективно очищает волосы, воздействуя на кутикулярный слой. Масло жожоба увлажняет и смягчает, протеины шелка уплотняют и защищают от ломкости. Шампунь для гладкости отлично подходит для пролонгации эффекта от процедур выпрямления и восстановления волос, сохранения мягкости и блеска. Шампунь создан специально для поддержания гладкости и сияния волос. Используйте вместе с разглаживающим бальзамом Soft Liss Smooth and Silky Paul Oscar.
MALECULA;;35381;Шампунь 35381 питательный Paul Oscar Nutri Jelly Nutrition and Hydration, 500мл;Уход и реконструкция;Paul Oscar Шампуни;54,90;;;https://encrypted-tbn0.gstatic.com/images?q=tbn:ANd9GcRq2rRSM_XJ4r_Tmp8zy-CjQhzoorwH_uh8b3ZdcxDYMw&s=155;Питательный шампунь для волос Nutri Jelly обладает мягкой гелевой текстурой и нежным освежающим ароматом. Шампунь для волос профессиональный бережно очищает и интенсивно ухаживает за волосами, увлажняя и питая от корней до самых кончиков. Экстракт корня аира укрепляет и предотвращает выпадение. Масло ши питает и оказывает восстанавливающий эффект. Шампунь с маслами и пантенолом насыщает пряди полезными веществами, увеличивая визуальный объем.
MALECULA;;39209;Шампунь 39209 для создания объема Paul Oscar Volume Up Boost and Density, 500мл;Уход и реконструкция;Paul Oscar Шампуни;54,90;;;https://encrypted-tbn0.gstatic.com/images?q=tbn:ANd9GcRq2rRSM_XJ4r_Tmp8zy-CjQhzoorwH_uh8b3ZdcxDYMw&s=156;Шампунь для объема волос Volume Up гарантирует качественное очищение от загрязнений, которые утяжеляют волосы у корней. Ухаживающие элементы проникают в структуру волос, оказывая уплотняющее и укрепляющее воздействие. Комплекс витаминов в шампуне для придания объема волосам активизирует рост локонов, гидролизованный протеин придает им блеск и силу. Используйте вместе с бальзамом для создания объема Volume Up Boost and Density Paul Oscar.
